# Pakistan Customs Tariff,2025-26,generated 2026-08-31,7594 codes,source: FBR published tariff (no token required)
Code,Description
0101.2100,Pure-bred breeding animals
0101.2900,Other
0101.3000,Asses
0101.9000,Other
0102.2110,Bulls
0102.2120,Cows
0102.2130,Oxen
0102.2190,Other - - Other
0102.2910,Bulls
0102.2920,Cows
0102.2930,Oxen
0102.2990,Other - Buffalo
0102.3100,Pure-bred breeding animals
0102.3900,Other
0102.9000,Other
0103.1000,Pure-bred breeding animals - Other
0103.9100,Weighing less than 50 kg
0103.9200,Weighing 50 kg or more
0104.1000,Sheep
0104.2000,Goats
0105.1100,Fowls of the species Gallus domesticus (chicken)
0105.1200,Turkeys
0105.1300,Ducks
0105.1400,Geese
0105.1500,Guinea fowls - Other
0105.9400,Fowls of the species Gallus domesticus (chicken)
0105.9900,Other
0106.1100,Primates
0106.1200,"Whales, dolphins and porpoises (mammals of the order Cetacea); manatees and dugongs (mammals of the order Sirenia); seals,sea lions and walruses (mammals of the suborder Pinnipedia)"
0106.1300,Camels and other camelids (Camelidae) PAKISTAN CUSTOMS TARIFF FY 2025-26
0106.1400,Rabbits and hares
0106.1900,Other
0106.2000,Reptiles (including snakes and turtles) - Birds: - - Birds of prey
0106.3110,Falcons
0106.3190,Other
0106.3200,"Psittaciformes (including parrots, parakeets, macaws and cockatoos)"
0106.3300,Ostriches; emus (Dromaius novaehollandiae)
0106.3900,Other - Insects
0106.4100,Bees
0106.4900,Other
0106.9000,Other
0201.1000,Carcasses and half-carcasses
0201.2000,Other cuts with bone in
0201.3000,Boneless
0202.1000,Carcasses and half-carcasses
0202.2000,Other cuts with bone in
0202.3000,Boneless
0203.1100,Carcasses and half-carcasses
0203.1200,"Hams, shoulders and cuts thereof, with bone in"
0203.1900,Other - Frozen
0203.2100,Carcasses and half-carcasses
0203.2200,"Hams, shoulders and cuts thereof, with bone in"
0203.2900,Other
0204.1000,"Carcasses and half carcasses of lamb, fresh or chilled - Other meat of sheep, fresh or chilled"
0204.2100,Carcasses and half-carcasses
0204.2200,Other cuts with bone in
0204.2300,Boneless
0204.3000,"Carcasses and half-carcasses of lamb, frozen - Other meat of sheep, frozen"
0204.4100,Carcasses and half-carcasses
0204.4200,Other cuts with bone in
0204.4300,Boneless
0204.5000,Meat of goats
0205.0000,"Meat of horses, asses, mules or hinnies, fresh, chilled or frozen"
0206.1000,"Of bovine animals, fresh or chilled - Of bovine animals, frozen"
0206.2100,Tongues
0206.2200,Livers
0206.2900,Other
0206.3000,"Of swine, fresh or chilled - Of swine, frozen"
0206.4100,Livers
0206.4900,Other
0206.8000,"Other, fresh or chilled"
0206.9000,"Other, frozen"
0207.1100,"Not cut in pieces, fresh or chilled"
0207.1200,"Not cut in pieces, frozen"
0207.1300,"Cuts and offal, fresh or chilled"
0207.1400,"Cuts and offal, frozen - Of turkeys"
0207.2400,"Not cut in pieces, fresh or chilled"
0207.2500,"Not cut in pieces, frozen"
0207.2600,"Cuts and offal, fresh or chilled"
0207.2700,"Cuts and offals, frozen - Of ducks"
0207.4100,"Not cut in pieces, fresh or chilled"
0207.4200,"Not cut in pieces, frozen"
0207.4300,"Fatty livers, fresh or chilled"
0207.4400,"Other, fresh or chilled"
0207.4500,"Other, frozen - Of geese"
0207.5100,"Not cut in pieces, fresh or chilled"
0207.5200,"Not cut in pieces, frozen"
0207.5300,"Fatty livers, fresh or chilled"
0207.5400,"Other, fresh or chilled"
0207.5500,"Other, frozen"
0207.6000,Of guinea fowls
0208.1000,Of rabbits or hares
0208.3000,Of primates
0208.4000,"Of whales, dolphins and porpoises (mammals of the order Cetacea); of manatees and dugongs (mammals of the order Sirenia); of seals, sea lions and walruses (mammals of the suborder Pinnipedia)"
0208.5000,Of reptiles (including snakes and turtles)
0208.6000,Of camels and other camelids (Camelidae)
0208.9000,Other
0209.1000,Of pigs
0209.9000,Other
0210.1100,"Hams, shoulders and cuts thereof, with bone in"
0210.1200,Bellies (streaky) and cuts thereof
0210.1900,Other
0210.2000,"Meat of bovine animals - Other, including edible flours and meals of meat or meat offal"
0210.9100,Of primates
0210.9200,"Of whales, dolphins and porpoises (mammals of the order Cetacea); of manatees and dugongs (mammals of the order Sirenia); of seals, sea lions and walruses (mammals of the suborder Pinnipedia)"
0210.9300,Of reptiles (including snakes and turtles)
0210.9900,Other
0301.1100,Freshwater
0301.1900,Other - Other live fish
0301.9100,"Trout (Salmo trutta, Oncorhynchus mykiss, Oncorhynchus clarki, Oncorhynchus aguabonita, Oncorhynchus gilae, Oncorhynchus apache and Oncorhynchus chrysogaster )"
0301.9200,Eels (Anguilla spp .)
0301.9300,"Carp (Crprinus spp., Carassius spp., Ctenopharyngodon idellus, Hypophthalmichthys spp.,Cirrhinus spp., Mylopharyngodon piceus, Catla catla, Labeo spp., Osteochilus hasselti, Leptobarbus hoeveni,"
0301.9400,"Atlantic and Pacific bluefin tunas (Thunnus thynnus, Thunnus orientalis)"
0301.9500,Southern bluefin tunas (Thunnus maccoyii )
0301.9900,Other
0302.1100,"Trout (Salmo trutta, Oncorhynchus mykiss, Oncorhynchus clarki, Oncorhynchus, aguabonita, Oncorhynchus gilae, Oncorhynchus apache and Oncorhynchus chrysogaster )"
0302.1300,"Pacific salmon (Oncorhynchus nerka,Oncorhynchus gorbuscha, Oncorhynchus keta, Oncorhynchus tschawytscha, Oncorhynchus kisutch, Oncorhynchus masou and Oncorhynchus rhodurus )"
0302.1400,Atlantic salmon (Salmo salar ) and Danube salmon (Hucho hucho )
0302.1900,"Other - Flat fish (Pleuronectidae, Bothidae, Cynoglossidae, Soleidae, Scophthalmidae and Citharidae), excluding edible fish offal of subheadings 0302.91 to 0302.99"
0302.2100,"Halibut (Reinhardtius hippoglossoides, Hippoglossus hippoglossus, Hippoglossus stenolepis )"
0302.2200,Plaice (Pleuronectes platessa )
0302.2300,Sole (Solea spp. )
0302.2400,Turbots (Psetta maxima )
0302.2900,"Other - Tunas (of the genus Thunnus ), skipjack tuna (stripe-bellied bonito) (Katsuwonus pelamis ), excluding edible fish offal of subheadings 0302.91 to 0302.99"
0302.3100,Albacore or longfinned tunas (Thunnus alalunga )
0302.3200,Yellowfin tunas (Thunnas albacares )
0302.3300,Skipjack tuna (stripe-bellied bonito) (Katsuwonus pelamis )
0302.3400,Bigeye tunas(Thunnus obesus )
0302.3500,"Atlantic and Pacific bluefin tunas (Thunnus thynnus, Thunnus orientalis)"
0302.3600,Southern bluefin tunas (Thunnus maccoyii )
0302.3900,"Other - Herrings (Clupea harengus, Clupea pallasii), anchovies (Engraulis spp.) , sardines (Sardina pilchardus, Sardinops spp.) , sardinella (Sardinella spp.) , brisling or sprats"
0302.4100,"Herrings (Clupea harengus, Clupea pallasii)"
0302.4200,Anchovies (Engraulis spp. )
0302.4300,"Sardines (Sardina pilchardus, Sardinops spp .), sardinella (sardinella spp .), brisling or sprats (Sprattus Sprattus )"
0302.4400,"Mackerel (Scomber scombrus, Scomber australasicus, Scomber japonicus )"
0302.4500,Jack and horse mackerel (Trachurus spp .)
0302.4600,Cobia (Rachycentron canadum )
0302.4700,Swordfish (Xiphias gladius )
0302.4900,"Other - Fish of the families Bregmacerotidae, Euclichthyidae, Gadidae, Macrouridae, Melanonidae, Merlucciidae, Moridae and Muraenolepididae, excluding edible fish offal of"
0302.5100,"Cod (Gadus morhua, Gadus ogac, Gadus macrocephalus )"
0302.5200,Haddock (Melanogrammus aeglefinus)
0302.5300,Coalfish (Pollachius virens )
0302.5400,"Hake (Merluccius spp., Urophycis spp.)"
0302.5500,Alaska Pollock (Theragra chalcogramma)
0302.5600,"Blue whitings (Micromesistius poutassou, Micromesistius australis)"
0302.5900,"Other - Tilapias (Oreochromis spp. ), catfish (Pangasius spp., Silurus spp., Clarias spp., Ictalurus spp. ), carp (Cyprinus spp., Carassius spp., Ctenopharyngodon idellus,"
0302.7100,Tilapias (Oreochromis spp .)
0302.7200,"Catfish (Pangasius spp., Silurus spp., Clarias spp., Ictalurus spp. )"
0302.7300,"Carp (Cyprinus spp., Carassius spp., Ctenopharyngodon idellus, Hypophthalmichthys spp., Cirrhinus spp., Mylopharyngodon piceus , Catla catla, Labeo spp., Osteochilus hasselti, Leptobarbus hoeveni,"
0302.7400,Eels (Anguilla spp. )
0302.7900,"Other - Other fish, excluding edible fish offal of subheading 0302.91 to 0302.99"
0302.8100,Dogfish and other sharks
0302.8200,Rays and skates (Rajidae)
0302.8300,Toothfish (Dissostichus spp. )
0302.8400,Seabass (Dicentrarchus spp.)
0302.8500,Seabream (Sparidae)
0302.8900,"Other - Livers, roes, milt, fish fins, heads, tails, maws and other edible fish offal"
0302.9100,"Livers, roes and milt"
0302.9200,Shark fins
0302.9900,Other
0303.1100,Sockeye salmon (red salmon) (Oncorhynchus nerka )
0303.1200,"Other Pacific salmon (Oncorhynchus gorbusha, Oncorhynchus gorbuscha, Oncorhynchus keta, Oncorhynchus tschawytscha, Oncorhynchus kisutch, Oncorhynchus masou and Oncorhynchus rhodurus ),"
0303.1300,Atlantic salmon (Salmo salar ) and Danube salmon(Hucho hucho )
0303.1400,"Trout (Salmo trutta, Oncorhynchus mykiss,Oncorhynchus clarki, Oncorhynchus aguabonita, Oncorhynchus gilae, Oncorhynchus apache and Oncorhynchus chrysogaster )"
0303.1900,"Other - Tilapias (Oreochromis spp. ), catfish (Pangasius spp., Silurus spp., Clarias spp., Ictalurus spp. ), carp (Cyprinus spp, Carassius spp, Ctenopharyngodon idellus,"
0303.2300,Tilapias (Oreochromis spp. )
0303.2400,"Catfish (Pangasius spp., Silurus spp., Clarias spp., Ictalurus spp.)"
0303.2500,"Carp (Cyprinus spp., Carassius spp., Ctenopharyngodon idellus, Hypophthalmichthys spp., Cirrhinus spp., Mylopharyngodon piceus, Catla catla, Labeo spp., Osteochilus hasselti, Leptobarbus hoeveni, Megalobrama"
0303.2600,Eels (Anguilla spp. )
0303.2900,"Other - Flat fish (Pleuronectidae, Bothidae, Cynoglossidae, Soleidae, Scophthalmidae and Citharidae), excluding edible fish offal of subheading 0303.91 to 0303.99"
0303.3100,"Halibut (Reinhardtius hippoglossoides, Hippoglossus hippoglossus, Hippoglossus stenolepis )"
0303.3200,Plaice (Pleuronectes platessa )
0303.3300,Sole (Solea spp. )
0303.3400,Turbots (Psetta maxima )
0303.3900,"Other - Tunas (of the genus Thunnus ), skipjack tuna (stripe-bellied bonito) (Katsuwonus pelamis ), excluding edible fish offal of subheadings 0303.91 to 0303.99"
0303.4100,Albacore or longfinned tunas (Thunnus alalunga )
0303.4200,Yellowfin tunas (Thunnus albacares )
0303.4300,Skipjack tuna (stripe-bellied bonito) (Katsuwonus pelamis )
0303.4400,Bigeye tunas (Thunnus obesus )
0303.4500,"Atlantic and pacific bluefin tunas (Thunnus thynnus, Thunnus orientalis )"
0303.4600,Southern bluefin tunas (Thunnus maccoyii )
0303.4900,"Other - Herrings (Clupea harengus, Clupea pallasii), anchovies (Engraulis spp.) , sardines (Sardina pilchardus, Sardinops spp.) , sardinella (Sardinella spp.) , brisling or sprats"
0303.5100,"Herrings (Clupea harengus, Clupea pallasii)"
0303.5300,"Sardines (Sardina pilchardus, Sardinops spp. ), sardinella (Sardinella spp .), brisling or sprats (Sprattus sprattus )"
0303.5400,"Mackerel (Scomber scombrus Scomber australasicus, Scomber japonicus )"
0303.5500,Jack and horse mackerel (Trachurus spp. )
0303.5600,Cobia (Rachycentron canadum )
0303.5700,Swordfish (Xiphias gladius)
0303.5900,"Other - Fish of the families Bregmacerotidae, Euclichthyidae, Gadidae, Macrouridae, Melanonidae, Merlucciidae, Moridae and Muraenolepididae, excluding edible fish offal of"
0303.6300,"Cod (Gadus morhua, Gadus ogac, Gadus macrocephalus )"
0303.6400,Haddock (Melanogrammus aeglefinus)
0303.6500,Coalfish (Pollachius virens )
0303.6600,"Hake (Merluccius spp., Urophycis spp. )"
0303.6700,Alaska Pollock (Theragra chalcogramma )
0303.6800,"Blue whitings (Micromesistius poutassou, Micromesistius australis )"
0303.6900,"Other - Other fish, excluding edible fish offal of subheading 0303.91 to 0303.99"
0303.8100,Dogfish and other sharks
0303.8200,Rays and skates (Rajidae )
0303.8300,Toothfish (Dissostichus spp. )
0303.8400,"Seabass (Dicentrarchus labrax, Dicentrarchus punctatus )"
0303.8900,"Other - Livers, roes, milt, fish fins, heads, tails, maws and other edible fish offal"
0303.9100,"Livers, roes and milt"
0303.9200,Shark fins
0303.9900,Other
0304.3100,Tilapias (Oreochromis spp .)
0304.3200,"Catfish (Pangasius spp., Silurus spp., Clarias spp., Ictalurus spp .)"
0304.3300,Nile perch (Lates niloticus )
0304.3900,Other - Fresh or chilled fillets of other fish
0304.4100,"Pacific salmon (Oncorhynchus nerka, Oncorhynchus gorbuscha, Oncorhynchus keta, Oncorhynchus tschawytscha, Oncorhynchus kisutch, Oncorhynchus masou and Oncorhynchus rhodurus) , Atlantic salmon"
0304.4200,"Trout (Salmo trutta, Oncorhynchus mykiss, Oncorhynchus clarki, Oncorhynchus aguabonita, Oncorhynchus gilae, Oncorhynchus apache and Oncorhynchus chrysogaster )"
0304.4300,"Flat fish (Pleuronectidae, Bothidae, Cynoglossidae, Soleidae, Scophthalmidae and Citharidae )"
0304.4400,"Fish of the families Bregmacerotidae, Euclichthyidae, Gadidae, Macrouridae, Melanonidae, Moridae and Muraenolepididae"
0304.4500,Swordfish (Xiphias gladius )
0304.4600,Toothfish (Dissostichus spp. )
0304.4700,Dogfish and other sharks
0304.4800,Rays and skates (Rajidae )
0304.4900,"Other - Other, fresh or chilled"
0304.5100,"Tilapias (Oreochromis spp .), catfish (Pangasius spp., Silurus spp., Clarias spp., Ictalurus spp. ), carp (Cyprinus spp., Carassius spp., Ctenopharyngodon idellus,Hypophthalmichthys spp., Cirrhinus spp.,"
0304.5200,Salmonidae
0304.5300,"Fish of the families Bregmacerotidae, Euclichthyidae, Gadidae, Macrouridae, elanonidae, Merlucciidae, Moridae and Muraenolepididae"
0304.5400,Swordfish (Xiphias gladius )
0304.5500,Toothfish (Dissostichus spp. )
0304.5600,Dogfish and other sharks
0304.5700,Rays and skates (Rajidae )
0304.5900,"Other - Frozen fillets of tilapias (Oreochromis spp. ), catfish (Pangasius spp., Silurus spp., Clarias spp., Ictalurus spp. ), carp (Cyprinus spp., Carassius spp., Ctenopharyngodon"
0304.6100,Tilapias (Oreochromis spp .)
0304.6200,"Catfish (Pangasius spp., Silurus spp., Clarias spp., Ictalurus spp .)"
0304.6300,Nile perch (Lates niloticus )
0304.6900,"Other - Frozen fillets of fish of the families Bregmacerotidae, Euclichthyidae, Gadidae, Macrouridae, Melanonidae, Merlucciidae, Moridae and Muraenolepididae"
0304.7100,"Cod (Gadus morhua, Gadus ogac, Gadus macrocephalus)"
0304.7200,Haddock (Melanogrammus aeglefinus)
0304.7300,Coalfish (Pollachius virens )
0304.7400,"Hake (Merluccius spp., Urophycis spp.)"
0304.7500,Alaska Pollock (Theragra chalcogramma )
0304.7900,Other - Frozen fillets of other fish
0304.8100,"Pacific salmon (Oncorhynchus nerka, Oncorhynchus gorbuscha, Oncorhynchus keta, Oncorhynchus tschawytscha, Oncorhynchus kisutch, Oncorhynchus masou and Oncorhynchus rhodurus) , Atlantic salmon"
0304.8200,"Trout (Salmo trutta, Oncorhynchus mykiss, Oncorhynchus clarki, Oncorhynchus aguabonita, Oncorhynchus gilae, Oncorhynchus apache and Oncorhynchus chrysogaster )"
0304.8300,"Flat fish (Pleuronectidae, Bothidae, Cynoglossidae, Soleidae, Scophthalmidae and Citharidae )"
0304.8400,Swordfish (Xiphias gladius )
0304.8500,Toothfish (Dissostichus spp. )
0304.8600,"Herrings (Clupea harengus, Clupea pallasii)"
0304.8700,"Tunas (of the genus Thunnus ), skipjack tuna (stripe-bellied bonito) (Katsuwonus pelamis )"
0304.8800,"Dogfish, other sharks, rays and skates (Rajidae )"
0304.8900,"Other - Other, frozen"
0304.9100,Swordfish (Xiphias gladius )
0304.9200,Toothfish (Dissostichus spp. )
0304.9300,"Tilapias (Oreochromis spp .), catfish (Pangasius spp., Silurus spp., Clarias spp., Ictalurus spp. ), carp (Cyprinus spp., Carassius spp., Ctenopharyngodon idellus,Hypophthalmichthys spp., Cirrhinus spp.,"
0304.9400,Alaska Pollock (Theragra chalcogramma)
0304.9500,"Fish of the families Bregmacerotidae, Euclichthyidae, Gadidae, Macrouridae, Melanonidae, Merlucciidae, Moridae and Muraenolepididae, other than Alaska Pollock (Theragra chalcogramma)"
0304.9600,Dogfish and other sharks
0304.9700,Rays and skates (Rajidae )
0304.9900,Other
0305.2000,"Livers, roes and milt of fish, dried, smoked, salted or in brine"
0305.3100,"Tilapias (Oreochromis spp .), catfish (Pangasius spp., Silurus spp., Clarias spp., Ictalurus spp. ), carp (Cyprinus spp., Carassius spp., Ctenopharyngodon idellus,Hypophthalmichthys spp., Cirrhinus spp.,"
0305.3200,"Fish of the families Bregmacerotidae, Euclichthyidae, Gadidae, Macrouridae, Melanonidae,Merlucciidae, Moridae and Muraenolepididae"
0305.3900,"Other - Smoked fish, including fillets, other than edible fish offal"
0305.4100,"Pacific salmon (Oncorhynchus nerka,Oncorhynchus gorbuscha, Oncorhynchus keta, Oncorhynchus tschawytscha, Oncorhynchus kisutch, Oncorhynchus masou and Oncorhynchus rhodurus ), Atlantic salmon"
0305.4200,"Herrings (Clupea harengus, Clupea pallasii)"
0305.4300,"Trout (Salmo trutta, Oncorhynchus mykiss, Oncorhynchus clarki, Oncorhynchus aguabonita, Oncorhynchus gilae, Oncorhynchus apache and Oncorhynchus chrysogaster )"
0305.4400,"Tilapias (Oreochromis spp .), catfish (Pangasius spp., Silurus spp., Clarias spp., Ictalurus spp. ), carp (Cyprinus spp., Carassius spp., Ctenopharyngodon idellus, Hypophthalmichthys spp., Cirrhinus spp., Mylopharyngodon"
0305.4900,"Other - Dried fish, other than edible fish offal, whether or not salted but not smoked"
0305.5100,"Cod (Gadus morhua, Gadus ogac,Gadus macrocephalus )"
0305.5200,"Tilapias (Oreochromis spp.) , catfish (Pangasius spp., Silurus spp., Clarias spp., Ictalurus spp.) , carp (Cyprinus spp., Carassius spp., Ctenopharyngodon idellus, Hypophthalmichthys spp., Cirrhinus spp., Mylopharyngodon"
0305.5300,"Fish of the families Bregmacerotidae, Euclichthyidae, Gadidae, Macrouridae, Melanonidae, Merlucciidae, Moridae and Muraenolepididae, other than cod (Gadus morhua, Gadus ogac, Gadus macrocephalus)"
0305.5400,"Herrings (Clupea harengus, Clupea pallasii), anchovies (Engraulis spp.), sardines (Sardina pilchardus, Sardinops spp.), sardinella (Sardinella spp.), brisling or sprats (Sprattus sprattus), mackerel (Scomber scombrus,"
0305.5900,"Other - Fish, salted but not dried or smoked and fish in brine, other than edible fish offal"
0305.6100,"Herrings (Clupea harengus,Clupea pallasii)"
0305.6200,"Cod (Gadus morhua, Gadus ogac, Gadus macrocephalus )"
0305.6300,Anchovies (Engraulis spp. )
0305.6400,"Tilapias (Oreochromis spp .), catfish (Pangasius spp., Silurus spp., Clarias spp., Ictalurus spp. ), carp (Cyprinus spp., Carassius spp., Ctenopharyngodon idellus, Hypophthalmichthys spp., Cirrhinus spp., Mylopharyngodon"
0305.6900,"Other - Fish fins, heads, fails, maws and other edible fish offal"
0305.7100,Shark fins
0305.7200,"Fish heads, tails and maws"
0305.7900,Other
0306.1100,"Rock lobster and other sea crawfish (Palinurus spp., Panulirus spp., Jasus spp .)"
0306.1200,Lobsters (Homarus spp. )
0306.1400,Crabs
0306.1500,Norway lobsters (Nephrops norvegicus )
0306.1600,"Cold-water shrimps and prawns (Pandalus spp., Crangon crangon )"
0306.1700,Other shrimps and prawns
0306.1900,"Other - Live, fresh or chilled"
0306.3100,"Rock lobster and other sea crawfish (Palinurus spp.,Panulirus spp., Jasus spp. )"
0306.3200,Lobsters (Homarus spp. )
0306.3300,Crabs
0306.3400,Norway lobsters (Nephrops norvegicus )
0306.3500,"Cold-water shrimps and prawns (Pandalus spp., Crangon crangon )"
0306.3600,Other shrimps and prawns
0306.3900,Other - Other
0306.9100,"Rock lobster and other sea crawfish (Palinurus spp.,Panulirus spp., Jasus spp. )"
0306.9200,Lobsters (Homarus spp. )
0306.9300,Crabs
0306.9400,Norway lobsters (Nephrops norvegicus )
0306.9500,Shrimps and prawns
0306.9900,Other
0307.1100,"Live, fresh or chilled"
0307.1200,Frozen
0307.1900,Other - Scallops and other molluscs of the family Pectinidae
0307.2100,"Live, fresh or chilled"
0307.2200,Frozen
0307.2900,"Other - Mussels (Mytilus spp., Perna spp .)"
0307.3100,"Live, fresh or chilled"
0307.3200,Frozen
0307.3900,Other - Cuttle fish and squid
0307.4200,"Live, fresh or chilled"
0307.4300,Frozen
0307.4900,Other - Octopus (Octopus spp .)
0307.5100,"Live, fresh or chilled"
0307.5200,Frozen
0307.5900,Other
0307.6000,"Snails, other than sea snails - Clams, cockles and arkshells (families Arcidae, Arcticidae, Cardiidae, Donacidae, Hiatellidae, Mactridae, Mesodesmatidae, Myidae, Semelidae, Solecurtidae,"
0307.7100,"Live, fresh or chilled"
0307.7200,Frozen
0307.7900,Other - Abalone (Haliotis spp. ) and stromboid conchs (Strombus spp. )
0307.8100,"Live, fresh or chilled abalone (Haliotis spp .)"
0307.8200,"Live, fresh or chilled stromboid conchs (Strombus spp. )"
0307.8300,Frozen abalone(Haliotis spp. )
0307.8400,Frozen stromboid conchs (Strombus spp. )
0307.8700,Other abalone(Haliotis spp. )
0307.8800,Other stromboid conchs (Strombus spp. ) - Other
0307.9100,"Live, fresh or chilled"
0307.9200,Frozen
0307.9900,Other
0308.1100,"Live, fresh or chilled"
0308.1200,Frozen
0308.1900,"Other - Sea urchins (Strongylocentrotus spp., Paracentrotus lividus, Loxechinus albus, Echinus esculentus )"
0308.2100,"Live, fresh or chilled"
0308.2200,Frozen
0308.2900,Other
0308.3000,Jellyfish (Rhopilema spp. )
0308.9000,Other
0309.1000,Of fish
0309.9000,Other
0401.1000,"Of a fat content, by weight, not exceeding 1 %"
0401.2000,"Of a fat content, by weight, exceeding 1 % but not exceeding 6 %"
0401.4000,"Of a fat content, by weight, exceeding 6 % but not exceeding 10%"
0401.5000,"Of a fat content, by weight, exceeding 10 %"
0402.1000,"In powder, granules or other solid forms, of a fat content, by weight, not exceeding 1.5 %"
0402.2100,Not containing added sugar or other sweetening matter
0402.2900,Other - Other
0402.9100,Not containing added sugar or other sweetening matter
0402.9900,Other
0403.2000,Yogurt
0403.9000,Other
0404.1010,Whey powder
0404.1090,Other
0404.9000,Other
0405.1000,Butter
0405.2000,Dairy spreads
0405.9000,Other
0406.1010,Cheese
0406.1020,Curd
0406.1090,Other
0406.2000,"Grated or powdered cheese, of all kinds"
0406.3000,"Processed cheese, not grated or powdered"
0406.4000,Blue-veined cheese and other cheese containing veins produced by Penicillium roqueforti
0406.9000,Other cheese
0407.1100,Of fowls of the species Gallus domesticus (chicken)
0407.1900,Other - Other fresh eggs
0407.2100,Of fowls of the species Gallus domesticus (chicken)
0407.2900,Other
0407.9000,Others
0408.1100,Dried
0408.1900,Other - Other
0408.9100,Dried
0408.9900,Other
0409.0000,Natural honey
0410.1000,Insects
0410.9000,Other
0501.0000,"Human hair, unworked, whether or not washed or scoured; waste of human hair"
0502.1000,"Pigs', hogs' or boars bristles and hair and waste thereof"
0502.9000,Other
0504.0000,"Guts, bladders and stomachs of animals (other than fish), whole and pieces thereof, fresh, chilled, frozen, salted, in brine, dried or smoked"
0505.1000,Feathers of a kind used for stuffing; down
0505.9000,Other
0506.1000,Ossein and bones treated with acid - Other
0506.9010,Bones(powder)
0506.9020,Bones (waste)
0506.9090,Other
0507.1000,Ivory; ivory powder and waste - Other
0507.9010,Horns
0507.9090,Other
0508.0010,Shells
0508.0090,Other
0510.0000,"Ambergris, castoreum, civet and musk; cantharides; bile, whether or not dried; glands and other animal products used in the preparation of pharmaceutical products, fresh, chilled, frozen or otherwise"
0511.1000,"Bovine semen - Other: - - Products of fish or crustaceans, moluscs or other aquatic invertebrates; dead animals of Chapter 3"
0511.9110,Fish eggs
0511.9190,Other - - Other
0511.9910,Silk worm eggs
0511.9920,"Horsehair and horsehair waste, whether or not put up as a layer with or without supporting material"
0511.9990,Other
0601.1010,Bulbs
0601.1090,Other
0601.2000,"Bulbs, tubers, tuberous roots, corms, crowns and rhizomes, in growth or in flower; chicory plants and roots"
0602.1000,Unrooted cuttings and slips
0602.2000,"Trees, shrubs and bushes, grafted or not, of kinds which bear edible fruits or nuts"
0602.3000,"Rhododendrons and azaleas, grafted or not"
0602.4000,"Roses, grafted or not - Other"
0602.9010,Mushroom spawn
0602.9090,Other
0603.1100,Roses
0603.1200,Carnations
0603.1300,Orchids
0603.1400,Chrysanthemums
0603.1500,Lilies (Lilium app.)
0603.1900,Other
0603.9000,Other
0604.2000,Fresh
0604.9000,Other
0701.1000,Seed
0701.9000,Other
0702.0000,"Tomatoes, fresh or chilled"
0703.1000,Onions and shallots
0703.2000,Garlic
0703.9000,Leeks and other alliaceous vegetables
0704.1000,Cauliflowers and broccoli
0704.2000,Brussels sprouts
0704.9000,Other
0705.1100,Cabbage lettuce (head lettuce)
0705.1900,Other - Chicory
0705.2100,Witloof chicory (Cichorium intybus var.foliosum )
0705.2900,Other
0706.1000,Carrots and turnips
0706.9000,Other
0707.0000,Cucumbers and gherkins fresh or chilled
0708.1000,Peas (Pisum sativum )
0708.2000,"Beans (Vigna spp., Phaseolus spp. )"
0708.9000,Other leguminous vegetables
0709.2000,Asparagus
0709.3000,Aubergines (egg-plants)
0709.4000,Celery other than celeriac - Mushrooms and truffles
0709.5100,Mushrooms of the genus Agaricus
0709.5200,Mushrooms of the genus Boletus
0709.5300,Mushrooms of the genus Cantharellus
0709.5400,Shiitake (Lentinus edodes )
0709.5500,"Matsutake (Tricholoma Matsutake, Tricholoma magnivelare, Tricholoma anatolicum, Tricholoma dulciolens, Tricholoma caligatum)"
0709.5600,Truffles (Tuber spp. )
0709.5900,Other
0709.6000,Fruits of the genus Capsicum or of the genus Pimenta
0709.7000,"Spinach, New Zealand spinach and orache spinach (garden spinach)"
0709.9100,Globe artichokes
0709.9200,Olives
0709.9300,"Pumpkins, squash and gourds (Cucurbita spp.)"
0709.9900,Other
0710.1000,"Potatoes - Leguminous vegetables, shelled or unshelled"
0710.2100,Peas (Pisum sativum )
0710.2200,"Beans (Vigna spp., Phaseolus spp. )"
0710.2900,Other
0710.3000,"Spinach, New Zealand spinach and orache spinach (garden spinach)"
0710.4000,Sweet corn
0710.8000,Other vegetables
0710.9000,Mixtures of vegetables
0711.2000,Olives
0711.4000,Cucumbers and gherkins - Mushrooms and truffles
0711.5100,Mushrooms of the genus Agaricus
0711.5900,Other
0711.9000,Other vegetables; mixtures of vegetables
0712.2000,"Onions - Mushrooms, wood ears (Auricularia spp. ), Jelly fungi (Tremella spp .)and truffles"
0712.3100,Mushrooms of the genus Agaricus
0712.3200,Wood ears (Aurcularia spp .)
0712.3300,Jelly fungi (Tremella spp. )
0712.3400,Shiitake (Lentinus edodes )
0712.3900,Other
0712.9000,Other vegetables; mixtures of vegetables
0713.1000,Peas (Pisum sativum ) - Chickpeas (garbanzos)
0713.2010,Grams (dry whole)
0713.2020,Grams split
0713.2090,"Other - Beans (Vigna spp., Phaseolus spp. )"
0713.3100,Beans of the species Vigna mungo (L.)Hepper or Vigna radiata (L.)Wilczek
0713.3200,Small red (Adzuki) beans (Phaseolus or vigna angularis )
0713.3300,"Kidney beans, including white pea beans (Phaseolus vulgaris )"
0713.3400,Bambara beans (Vigna subterranea or Voandzeia subterranea)
0713.3500,Cow peas (Vigna unguiculata) - - Other
0713.3910,Green beans (dry whole)
0713.3920,Green beans (split)
0713.3990,Other - - Lentils
0713.4010,Dry whole
0713.4020,Split
0713.5000,"Broad beans (Vicia faba var. major ) and horse beans(Vicia faba var. equina, Vicia faba var.minor)"
0713.6000,Pigeon peas (Cajanus cajan ) - Other
0713.9010,Black matpe (dry whole)
0713.9020,Mash dry whole
0713.9030,Mash split or washed
0713.9090,Other
0714.1000,Manioc (cassava)
0714.2000,Sweet potatoes
0714.3000,Yams (Dioscorea spp. )
0714.4000,Taro (Colocasia spp .)
0714.5000,Yautia (Xanthosoma spp. )
0714.9000,Other
0801.1100,Desiccated
0801.1200,In the inner shell (endocarp) - - Other
0801.1910,Seed
0801.1990,Other - Brazil nuts
0801.2100,In shell
0801.2200,Shelled - Cashew nuts
0801.3100,In shell
0801.3200,Shelled
0802.1100,In shell
0802.1200,Shelled - Hazelnuts or filberts (Corylus spp .)
0802.2100,In shell
0802.2200,Shelled - Walnuts
0802.3100,In shell
0802.3200,Shelled - Chestnuts (Castanea spp. )
0802.4100,In shell
0802.4200,Shelled - Pistachios
0802.5100,In shell
0802.5200,Shelled - Macadamia nuts
0802.6100,In shell
0802.6200,Shelled
0802.7000,Kola nuts (Cola spp.)
0802.8000,Areca nuts - Other
0802.9100,"Pine nuts, in shell"
0802.9200,"Pine nuts, shelled"
0802.9900,Other
0803.1000,Plantains
0803.9000,Other
0804.1010,Fresh
0804.1020,Dried
0804.2000,Figs
0804.3000,Pineapples
0804.4000,"Avocados - Guavas, mangoes and mangosteens"
0804.5010,Guavas
0804.5020,Mangoes
0804.5030,Mangosteens
0804.5040,Frozen mango
0804.5050,Mango pulp
0804.5090,Other
0805.1000,"Oranges - Mandarins (including tangerines and satsumas); clementines,wilkings and similar citrus hybrids"
0805.2100,Mandarins (including tangerines and satsumas)
0805.2200,Clementines - - Other
0805.2910,Kino (fresh)
0805.2990,Other
0805.4000,Grapefruit and pomelos
0805.5000,"Lemons (Citrus limon, Citrus limonum ) and limes (Citrus aurantifolia,Citrus latifolia)"
0805.9000,Other
0806.1000,Fresh
0806.2000,Dried
0807.1100,Watermelons
0807.1900,Other
0807.2000,Papaws (papayas)
0808.1000,Apples
0808.3000,Pears
0808.4000,Quinces
0809.1000,Apricots - Cherries
0809.2100,Sour cherries (Prunus cerasus)
0809.2900,Other
0809.3000,"Peaches, including nectarines"
0809.4000,Plums and sloes
0810.1000,Strawberries
0810.2000,"Raspberries, blackberries, mulberries and loganberries"
0810.3000,"Black, white or red currants and gooseberries"
0810.4000,"Cranberries, bilberries and other fruits of the genus Vaccinium"
0810.5000,Kiwifruit
0810.6000,Durians
0810.7000,Persimmons - Other
0810.9010,Pomegranates
0810.9090,Other
0811.1000,Strawberries
0811.2000,"Raspberries, blackberries, mulberries, loganberries, black, white or red currants and gooseberries"
0811.9000,Other
0812.1000,Cherries
0812.9000,Other
0813.1000,Apricots
0813.2000,Prunes
0813.3000,Apples - Other fruit
0813.4010,Tamarind
0813.4020,Cherries
0813.4040,Peaches (arroo)
0813.4050,Plums (allocha)
0813.4060,Lichis
0813.4070,Raisins
0813.4090,Other
0813.5000,Mixtures of nuts or dried fruits of this Chapter
0814.0000,"Peel of citrus fruit or melons (Including watermelons) fresh, frozen, dried or provisionally preserved in brine, in sulphur water or in other preservative solutions"
0901.1100,Not decaffeinated
0901.1200,Decaffeinated - Coffee roasted
0901.2100,Not decaffeinated
0901.2200,Decaffeinated
0901.9000,Other
0902.1000,Green tea (not fermented) in immediate packings of a content not exceeding 3 kg
0902.2000,Other green tea (not fermented)
0902.3000,"Black tea (fermented) and partly fermented tea, in immediate packings of a content not exceeding 3 kg"
0902.4010,Tea dust
0902.4020,Black tea in a packing exceeding 3 kg
0902.4090,Other
0903.0000,Mate
0904.1110,Black
0904.1120,White
0904.1130,Pepper seeds for sowing
0904.1190,Other
0904.1200,"Crushed or ground - Fruits of the genus Capsicum or of the genus Pimenta: - - Dried, neither crushed nor ground"
0904.2110,Red chillies (whole)
0904.2120,Red chillies seeds for sowing
0904.2190,Other - - Crushed or ground
0904.2210,Red chillies (powder)
0904.2290,Other
0905.1000,Neither crushed nor ground
0905.2000,Crushed or ground
0906.1100,Cinnamon (Cinnamomum zeylanicum Blume)
0906.1900,Other
0906.2000,Crushed or ground
0907.1000,Neither crushed nor ground
0907.2000,Crushed or ground
0908.1100,Neither crushed nor ground
0908.1200,Crushed or ground - Mace
0908.2100,Neither crushed nor ground
0908.2200,Crushed or ground - Cardamoms: - - Neither crushed nor ground
0908.3110,Large
0908.3120,Small
0908.3200,Crushed or ground
0909.2100,Neither crushed nor ground
0909.2200,Crushed or ground - Seeds of cumin
0909.3100,Neither crushed nor ground
0909.3200,"Crushed or ground - Seeds of anise, badian, caraway or fennel; juniper berries"
0909.6100,Neither crushed nor ground
0909.6200,Crushed or ground
0910.1100,Neither crushed nor ground
0910.1200,Crushed or ground
0910.2000,Saffron
0910.3000,Turmeric (curcuma) - Other spices
0910.9100,Mixtures referred to in Note 1 (b) to this Chapter - - Other
0910.9910,Thyme; bay leaves
0910.9990,Other
1001.1100,Seed
1001.1900,Other - Other
1001.9100,Seed
1001.9900,Other
1002.1000,Seed
1002.9000,Other
1003.1000,Seed
1003.9000,Other
1004.1000,Seed
1004.9000,Other
1005.1000,Seed
1005.9000,Other
1006.1010,Seed for sowing
1006.1090,Other
1006.2000,"Husked (brown) rice - Semi-milled or wholly milled rice, whether or not polished or glazed"
1006.3010,Basmati
1006.3090,Other
1006.4000,Broken rice
1007.1000,Seed
1007.9000,Other
1008.1000,Buckwheat - Millet
1008.2100,Seed
1008.2900,Other
1008.3000,Canary seeds
1008.4000,Fonio (Digitaria spp.)
1008.5000,Quinoa(Chenopodium quinoa)
1008.6000,Triticale
1008.9000,Other cereals
1101.0010,Of Wheat
1101.0020,Of Meslin
1102.2000,Maize (corn) flour - Other
1102.9010,Rice flour
1102.9090,Other - Groats and meal
1103.1100,Of wheat
1103.1300,Of maize (corn)
1103.1900,Of other cereals
1103.2000,Pellets
1104.1200,Of oats
1104.1900,"Of other cereals - Other worked grains (for example, hulled, pearled, sliced or kibbled)"
1104.2200,Of oats
1104.2300,Of Maize (corn)
1104.2900,Of other cereals
1104.3000,"Germ of cereals, whole, rolled, flaked or ground"
1105.1000,"Flour, meal and powder"
1105.2000,"Flakes, granules and pellets"
1106.1000,Of the dried leguminous vegetables of heading 07.13
1106.2000,Of sago or of roots or tubers of heading 07.14
1106.3000,Of the products of Chapter-8
1107.1000,Not roasted
1107.2000,Roasted
1108.1100,Wheat starch
1108.1200,Maize (corn) starch
1108.1300,Potato starch
1108.1400,Manioc (cassava) starch
1108.1900,Other starches
1108.2000,Inulin
1109.0000,"Wheat gluten, whether or not dried"
1201.1000,Seed
1201.9000,Other
1202.3000,Seed - Other
1202.4100,In shell
1202.4200,"Shelled, whether or not broken"
1203.0000,Copra
1204.0000,"Linseed, whether or not broken"
1205.1000,Low erucic acid rape or colza seeds
1205.9000,Other
1206.0000,"Sunflower seeds, whether or not broken"
1207.1000,Palm nuts and kernels - Cotton seeds
1207.2100,Seed
1207.2900,Other
1207.3000,Castor oil seeds
1207.4000,Sesamum seeds
1207.5000,Mustard seeds
1207.6000,Safflower (Carthamus tinctorius ) seeds
1207.7000,Melon seeds - Other
1207.9100,Poppy seeds
1207.9900,Other
1208.1000,Of soya beans - Other
1208.9010,Flours of castor
1208.9020,Castor meal
1208.9090,Other
1209.1000,Sugar beet seeds - Seeds of forage plants
1209.2100,Lucerne (alfalfa) seeds
1209.2200,Clover (Trifolium spp. ) seeds
1209.2300,Fescue seeds
1209.2400,Kentucky blue grass (Poa pratensis L .) seeds
1209.2500,"Rye grass (Lolium multiflorum Lam., Lolium perenne L.) seeds"
1209.2900,Other
1209.3000,Seeds of herbaceous plants cultivated principally for their flowers
1209.9110,Of onion
1209.9120,Of tomato
1209.9130,Of okra
1209.9190,Other
1209.9900,Other
1210.1000,"Hop cones, neither ground nor powdered, nor in the form of pellets"
1210.2000,"Hop cones, ground powdered or in the form of pellets; lupulin"
1211.2000,Ginseng roots
1211.3000,Coca leaf
1211.4000,Poppy straw
1211.5000,Ephedra
1211.6000,Bark of African cherry (Prunus africana )
1211.9000,Other
1212.2100,Fit for human consumption
1212.2900,Other - Other
1212.9100,Sugar beet
1212.9200,Locust beans (carob)
1212.9300,Sugar cane
1212.9400,Chicory roots
1212.9900,Other
1213.0000,"Cereal straw and husks, unprepared whether or not chopped, ground, pressed or in the form of pellets"
1214.1000,Lucerne (alfalfa) meal and pellets
1214.9000,Other
1301.2000,Gum Arabic - Other
1301.9010,Cannabis resins and balsams
1301.9020,Seed lac
1301.9090,Other
1302.1100,Opium
1302.1200,Of liquorice
1302.1300,Of hops
1302.1400,Of ephedra
1302.1900,Other
1302.2000,"Pectic substances, pectinates and pectates - Mucilages and thickeners, whether or not modified, derived from vegetable products"
1302.3100,"Agar-agar - - Mucilages and thickeners, whether or not modified, derived from locust beans, locust bean seeds or guar seeds"
1302.3210,Guwar gum
1302.3290,Other
1302.3900,Other
1401.1000,Bamboos
1401.2000,Rattans
1401.9000,Other
1404.2000,Cotton linters - Other
1404.9010,Tendu leaves (biri leaves)
1404.9020,Betel leaves Rs.6 00/K g
1404.9030,"Vegetable materials of a kind used primarily as stuffing or as padding (for example, kapok, vegetable hair and eel-grass), whether or not put up as a layer with or without supporting material"
1404.9041,Broomcorn (Sorghum vulgare var technicum)
1404.9049,Other
1404.9050,Hena leave and powder
1404.9090,Other
1501.1000,Lard
1501.2000,Other pig fat
1501.9000,Other
1502.1000,Tallow
1502.9000,Other
1503.0010,"Lard stearin, lard oil"
1503.0090,Other
1504.1000,Fish-liver oils and their fractions
1504.2000,"Fats and oils and their fractions, of fish, other than liver oils"
1504.3000,"Fats and oils and their fractions, of marine mammals"
1505.0010,Lanolin
1505.0090,Other
1506.0000,"Other animal fats and oils and their fractions, whether or not refined, but not chemically modified"
1507.1000,"Crude oil, whether or not degummed Rs.10550 / MT"
1507.9000,Other Rs.1 1700 /MT
1508.1000,Crude oil Rs.1 3150 /MT
1508.9000,Other Rs.1 4300 /MT
1509.2000,Extra virgin olive oil Rs.5 000/ MT
1509.3000,Virgin olive oil Rs.5 000/ MT
1509.4000,Other virgin olive oils Rs.5 000/ MT
1509.9000,Other Rs.6 000/ MT
1510.1000,Crude olive pomace oil Rs.6 000/ MT
1510.9000,Other Rs.6 000/ MT
1511.1000,Crude oil Rs.8 000/ MT
1511.9010,Palm stearin Rs.9 050/ MT
1511.9020,RBD Palm Oil Rs.1 0800 / MT
1511.9030,Palm olein Rs.9 050/ MT
1511.9090,Other Rs.1 0800 /MT
1512.1100,Crude oil Rs.1 5000 /MT
1512.1900,Other Rs.1 6800 /MT
1512.2100,"Crude oil, whether or not gossypol has been removed Rs.15000/M T"
1512.2900,Other Rs.1 6800 /MT
1513.1100,Crude oil Rs.9 050/ MT
1513.1900,Other Rs.1 0800 /MT
1513.2100,Crude oil Rs.9 050/ MT
1513.2900,Other Rs.1 0800 /MT
1514.1100,Crude oil Rs.1 5000 /MT
1514.1900,Other Rs.1 6800 /MT
1514.9100,Crude oil Rs.9 050/ MT
1514.9900,Other Rs.1 0200 /MT
1515.1100,Crude oil Rs.9 500/ MT
1515.1900,Other Rs.1 0800 /MT
1515.2100,Crude oil Rs.1 5000 /MT
1515.2900,Other Rs.1 6600 /MT
1515.3000,Castor oil and its fractions Rs.905 0/MT
1515.5000,Sesame oil and its fractions Rs.905 0/MT
1515.6000,Microbial fats and oils and their fractions Rs.9050/ MT
1515.9000,Other Rs.9 050/ MT
1516.1000,Animal fats and oils and their fractions Rs.10200 /MT - Vegetable fats and oils and their fractions
1516.2010,Vegetable fats and their fractions Rs.10200 /MT
1516.2020,Vegetable oils and their fractions Rs.10200 /MT
1516.3000,Microbial fats and oils and their fractions Rs.10200 /MT
1517.1000,"Margarine, excluding liquid margarine Rs.10800 /MT"
1517.9000,Other Rs.1 0800 /MT
1518.0000,"Animal, vegetable or microbial fats and oils and their fractions, boiled, oxidised, dehydrated, sulphurised, blown, polymerised by heat in vacuum or in inert gas or otherwise chemically modified, excluding those of"
1520.0000,"Glycerol, crude; glycerol waters and glycerol lyes"
1521.1000,Vegetable waxes - Other
1521.9010,Bees wax
1521.9090,Other
1522.0010,Of animals or vegetable waxes
1522.0090,Other
1601.0000,"Sausages and similar products, of meat, meat offal, blood or insects; food preparations based on these products"
1602.1000,Homogenised preparations
1602.2000,Of liver of any animal - Of poultry of heading 01.05
1602.3100,Of turkeys
1602.3200,Of fowls of the species Gallus domesticus (chicken)
1602.3900,Other - Of swine
1602.4100,Hams and cuts thereof
1602.4200,Shoulders and cuts thereof
1602.4900,"Other, including mixtures"
1602.5000,Of bovine animals
1602.9000,"Other, including preparations of blood of any animal"
1603.0000,"Extracts and juices of meat, fish or crustaceans, molluscs or other aquatic invertebrates"
1604.1100,Salmon
1604.1200,Herrings
1604.1300,"Sardines, sardinella and brisling or sprats"
1604.1400,"Tunas, skipjack tuna and bonito (Sarda spp .)"
1604.1500,Mackerel
1604.1600,Anchovies
1604.1700,Eels
1604.1800,Shark fins
1604.1900,Other - Other prepared or preserved fish
1604.2010,Fish maws
1604.2020,Fish fillet
1604.2090,Other - Caviar and caviar substitutes
1604.3100,Caviar
1604.3200,Caviar substitutes
1605.1000,Crab - Shrimps and prawns
1605.2100,Not in airtight container
1605.2900,Other
1605.3000,Lobster
1605.4000,Other crustaceans - Molluscs
1605.5100,Oysters
1605.5200,"Scallops, including queen scallops"
1605.5300,Mussels
1605.5400,Cuttle fish and squid
1605.5500,Octopus
1605.5600,"Clams, cockles and arkshells"
1605.5700,Abalone
1605.5800,"Snails, other than sea snails"
1605.5900,Other - Other aquatic invertebrates
1605.6100,Sea cucumbers
1605.6200,Sea urchins
1605.6300,Jellyfish
1605.6900,Other
1701.1200,Beet sugar - - Cane sugar specified in Subheading Note 2 to this Chapter
1701.1310,Gur (Jaggery)
1701.1390,Other
1701.1400,Other cane sugar - Other
1701.9100,Containing added flavouring or colouring matter - - Other
1701.9910,White crystalline cane sugar
1701.9920,White crystalline beet sugar
1701.9930,Chemically pure sucrose
1701.9990,Other
1702.1110,Lactose
1702.1120,Lactose syrup
1702.1900,Other - Maple sugar and maple syrup
1702.2010,Maple sugar
1702.2020,Maple syrup
1702.3000,"Glucose and glucose syrup, not containing fructose or containing in the dry state less than 20 % by weight of fructose"
1702.4000,"Glucose and glucose syrup, containing in the dry state at least 20 % but less than 50 % by weight of fructose, excluding invert sugar"
1702.5000,Chemically pure fructose
1702.6000,"Other fructose and fructose syrup, containing in the dry state more than 50 % by weight of fructose, excluding invert sugar"
1702.9010,Maltose
1702.9020,Caramel
1702.9030,Malto dextrins
1702.9090,Other
1703.1000,Cane molasses
1703.9000,Other
1704.1000,"Chewing gum, whether or not sugar-coated - Other"
1704.9010,White chocolate
1704.9090,Other
1801.0000,"Cocoa beans, whole or broken, raw or roasted"
1802.0000,"Cocoa shells, husks, skins and other cocoa waste"
1803.1000,Not defatted
1803.2000,Wholly or partly defatted
1804.0000,"Cocoa butter, fat and oil"
1805.0000,"Cocoa powder, not containing added sugar or other sweetening matter"
1806.1000,"Cocoa powder, containing added sugar or other sweetening matter"
1806.2010,Chocolate preparation
1806.2020,"Chocolate crumbs in packing of 25kg or more in powder, granules or briquettes"
1806.2090,"Other - Other, in blocks, slabs or bars"
1806.3100,Filled
1806.3200,Not filled
1806.9000,Other
1901.1000,"Preparations suitable for infants or young children, put up for retail sale"
1901.2000,Mixes and doughs for the preparation of bakers' wares of heading 19.05
1901.9010,Malt extract
1901.9020,"Preparations other than in retail packing, not containing cocoa"
1901.9090,Other
1902.1100,Containing eggs - - Other
1902.1910,Macaroni raw
1902.1920,Vermacelli
1902.1990,Other
1902.2000,"Stuffed pasta, whether or not cooked or otherwise prepared"
1902.3000,Other pasta
1902.4000,Couscous
1903.0010,Sago
1903.0090,Other
1904.1010,Corn flakes
1904.1090,Other
1904.2000,Prepared foods obtained from unroasted cereal flakes or from mixtures of unroasted cereal flakes and roasted cereal flakes or swelled cereals
1904.3000,Bulgur wheat
1904.9000,Other
1905.1000,Crispbread
1905.2000,Gingerbread and the like - Sweet biscuits; waffles and wafers
1905.3100,Sweet biscuits
1905.3200,Waffles and wafers
1905.4000,"Rusks, toasted bread and similar toasted products"
1905.9000,Other
2001.1000,Cucumbers and gherkins - Other
2001.9010,Pickles
2001.9090,Other
2002.1000,"Tomatoes, whole or in pieces - Other"
2002.9010,Tomatoes paste
2002.9090,Other
2003.1000,Mushrooms of the genus Agaricus
2003.9000,Other
2004.1000,Potatoes
2004.9000,Other vegetables and mixtures of vegetables
2005.1000,Homogenised vegetables
2005.2000,Potatoes
2005.4000,"Peas (Pisum sativum ) - Beans (Vigna spp., Phaseolus spp .)"
2005.5100,"Beans, shelled"
2005.5900,Other
2005.6000,Asparagus
2005.7000,Olives
2005.8000,Sweet corn (Zea mays var. saccharata) - Other vegetables and mixtures of vegetables
2005.9100,Bamboo shoots
2005.9900,Other
2006.0000,"Vegetables, fruit, nuts, fruit-peel and other parts of plants, preserved by sugar (drained, glacé or crystallised)"
2007.1000,Homogenised preparations - Other
2007.9100,Citrus fruit
2007.9900,Other
2008.1100,Ground-nuts
2008.1900,"Other, including mixtures"
2008.2000,Pineapples
2008.3000,Citrus fruit
2008.4000,Pears
2008.5000,Apricots
2008.6000,Cherries
2008.7000,"Peaches, including nectarines"
2008.8000,"Strawberries - Other, including mixtures other than those of subheading 2008.19"
2008.9100,Palm hearts
2008.9300,"Cranberries (Vaccinium macrocarpon, Vaccinium oxycoccos ); lingonberries (Vaccinium vitis-idaea )"
2008.9700,Mixtures
2008.9900,Other
2009.1100,Frozen
2009.1200,"Not frozen, of a Brix value not exceeding 20"
2009.1900,Other - Grapefruit juice; pomelo juice
2009.2100,Of a Brix value not exceeding 20
2009.2900,Other - Juice of any other single citrus fruit
2009.3100,Of a Brix value not exceeding 20
2009.3900,Other - Pineapple juice
2009.4100,Of a Brix value not exceeding 20
2009.4900,Other
2009.5000,Tomato juice - Grape juice (including grape must)
2009.6100,Of a Brix value not exceeding 30
2009.6900,Other - Apple juice
2009.7100,Of a Brix value not exceeding 20
2009.7900,"Other - juice of any Other single fruit, nut or vegetable"
2009.8100,"Cranberry (Vaccinium macrocarpon, Vaccinium oxycoccos ) juice; lingonberry (Vaccinium vitis-idaea) juice"
2009.8900,Other
2009.9000,Mixtures of juices
2101.1110,Instant coffee in bulk
2101.1120,Instant coffee in retail packs
2101.1190,Other
2101.1200,"Preparations with a basis of extracts, essences or concentrates or with a basis of coffee"
2101.2000,"Extracts, essences and concentrates, of tea or mate, and preparations with a basis of these extracts, essences or concentrates or with a basis of tea or mate"
2101.3000,"Roasted chicory and other roasted coffee substitutes, and extracts, essences and concentrates thereof"
2102.1000,Active yeasts
2102.2000,"Inactive yeasts; other single-cell micro-organisms, dead"
2102.3000,Prepared baking powders
2103.1000,Soya sauce
2103.2000,Tomato ketchup and other tomato sauces
2103.3000,Mustard flour and meal and prepared mustard
2103.9000,Other
2104.1000,Soups and broths and preparations therefor
2104.2000,Homogenised composite food preparations
2105.0000,"Ice cream and other edible ice, whether or not containing cocoa"
2106.1010,Protein hydrolysates
2106.1090,Other - Other
2106.9010,Concentrates for aerated beverage in all forms
2106.9020,Syrups and squashes
2106.9030,Flavouring powders for preparation of food
2106.9040,Emulsifing agents for food and dairy products
2106.9050,"Preparations including tablets consisting of saccharin, lactose"
2106.9060,Sweet meats
2106.9070,Sodium Iron (Na Fe EDTA)
2106.9090,Other
2201.1010,Mineral waters
2201.1020,Aerated waters
2201.9000,Other
2202.1010,Aerated waters
2202.1090,Other - Other
2202.9100,Non-alcoholic beer
2202.9900,Other
2203.0000,Beer made from malt
2204.1000,Sparkling wine - Other wine; grape must with fermentation prevented or arrested by the addition of alcohol
2204.2100,In containers holding 2 l or less
2204.2200,In containers holding more than 2 l but not more than 10 l
2204.2900,Other
2204.3000,Other grape must
2205.1000,In containers holding 2 l or less
2205.9000,Other
2206.0000,"Other fermented beverages (for example, cider, perry, mead, saké); mixtures of fermented beverages and mixtures of fermented beverages and non-alcoholic beverages, not elsewhere specified or included"
2207.1000,Undenatured ethyl alcohol of an alcoholic strength by volume of 80 % vol or higher
2207.2000,"Ethyl alcohol and other spirits, denatured, of any strength"
2208.2000,Spirits obtained by distilling grape wine or grape marc
2208.3000,Whiskies
2208.4000,Rum and other spirits obtained by distilling fermented sugar-cane products
2208.5000,Gin and Geneva
2208.6000,Vodka
2208.7000,Liqueurs and cordials
2208.9000,Other
2209.0000,Vinegar and substitutes for vinegar obtained from acetic acid
2301.1000,"Flours, meals and pellets, of meat or meat offal; greaves - Flours, meals and pellets, of fish or of crustaceans, molluscs or other aquatic invertebrates"
2301.2010,Shrimp meal
2301.2090,Other
2302.1000,Of maize (corn)
2302.3000,Of wheat
2302.4000,Of other cereals
2302.5000,Of leguminous plants
2303.1000,Residues of starch manufacture and similar residues
2303.2000,"Beet-pulp, bagasse and other waste of sugar manufacture"
2303.3000,Brewing or distilling dregs and waste
2304.0000,"Oil-cake and other solid residues, whether or not ground or in the form of pellets, resulting from the extraction of soya bean oil"
2305.0000,"Oil-cake and other solid residues, whether or not ground or in the form of pellets, resulting from the extraction of ground-nut oil"
2306.1000,Of cotton seeds
2306.2000,Of linseed
2306.3000,Of sunflower seeds - Of rape or colza seeds
2306.4100,Of low erucic acid rape or colza seeds
2306.4900,Other
2306.5000,Of coconut or copra
2306.6000,Of palm nuts or kernels
2306.9000,Other
2307.0000,Wine lees; argol
2308.0000,"Vegetable materials and vegetable waste, vegetable residues and by-products, whether or not in the form of pellets, of a kind used in animal feeding, not elsewhere specified or included"
2309.1000,"Dog or cat food, put up for retail sale"
2309.9000,Other
2401.1000,"Tobacco, not stemmed /striped"
2401.2000,"Tobacco, partly or wholly stemmed/ stripped"
2401.3000,Tobacco refuse
2402.1000,"Cigars, cheroots and cigarillos, containing tobacco"
2402.2000,Cigarettes containing tobacco
2402.9000,Other
2403.1100,Water pipe tobacco specified in Subheading Note 1 to this Chapter
2403.1900,Other - Other
2403.9100,"""Homogenised"" or ""reconstituted"" tobacco - - Other"
2403.9910,Tobacco for chewing
2403.9990,Other
2404.1100,Containing tobacco or reconstituted tobacco
2404.1200,"Other, containing nicotine"
2404.1900,Other - Other
2404.9100,For oral application
2404.9200,For transdermal application
2404.9900,Other
2501.0010,Table salt - - - Rock salt
2501.0021,Pink rock salt
2501.0029,Other
2501.0030,Sea salt
2501.0090,Other
2502.0000,Unroasted iron pyrites
2503.0000,"Sulphur of all kinds, other than sublimed sulphur, precipitated sulphur and colloidal sulphur"
2504.1000,In powder or in flakes
2504.9000,Other
2505.1000,Silica sands and quartz sands
2505.9000,Other
2506.1000,Quartz
2506.2000,Quartzite
2507.0000,"Kaolin and other kaolinic clays,whether or not calcined"
2508.1000,Bentonite
2508.3000,Fire-clay
2508.4000,Other clays
2508.5000,"Andalusite, kyanite and sillimanite"
2508.6000,Mullite
2508.7000,Chamotte or dinas earths
2509.0000,Chalk
2510.1000,Unground
2510.2000,Ground
2511.1000,Natural barium sulphate (barytes)
2511.2000,Natural barium carbonate (witherite)
2512.0000,"Siliceous fossil meals (for example, kieselguhr, tripolite and diatomite) and similar siliceous earths, whether or not calcined, of an apparent specific gravity of 1 or less"
2513.1000,"Pumice stone - Emery, natural corundum, natural garnet and other natural abrasives"
2513.2010,Emery
2513.2020,Garnet natural
2513.2090,Other
2514.0000,"Slate, whether or not roughly trimmed or merely cut, by sawing or otherwise, into blocks or slabs of a rectangular (including square) shape"
2515.1100,Crude or roughly trimmed
2515.1200,"Merely cut, by sawing or otherwise, into blocks or slabs of a rectangular (including square) shape"
2515.2000,Ecaussine and other calcareous monumental or building stone; alabaster
2516.1100,Crude or roughly trimmed
2516.1200,"Merely cut, by sawing or otherwise, into blocks or slabs of a rectangular (including square) shape"
2516.2000,Sandstone
2516.9000,Other monumental or building stone
2517.1000,"Pebbles, gravel, broken or crushed stone, of a kind commonly used for concrete aggregates, for road metalling or for railway or other ballast, shingle and flint, whether or not heat-treated"
2517.2000,"Macadam of slag, dross or similar industrial waste, whether or not incorporating the materials cited in subheading 2517.10"
2517.3000,"Tarred macadam - Granules, chippings and powder, of stones of heading"
2517.4100,Of marble
2517.4900,Other
2518.1000,"Dolomite, not calcined or sintered"
2518.2000,Calcined or sintered dolomite
2519.1000,Natural magnesium carbonate (magnesite) - Other
2519.9010,Magnesium oxide
2519.9090,Other
2520.1010,Gypsum
2520.1020,Anhydrite
2520.2000,Plasters
2521.0000,"Limestone flux; limestone and other calcareous stone, of a kind used for the manufacture of lime or cement"
2522.1000,Quicklime
2522.2000,Slaked lime
2522.3000,Hydraulic lime
2523.1000,Cement clinkers - Portland cement
2523.2100,"White cement, whether or not artificially coloured"
2523.2900,Other
2523.3000,Aluminous cement
2523.9000,Other hydraulic cements
2524.1000,Crocidolite
2524.9000,Other
2525.1000,Crude mica and mica rifted into sheets or splittings
2525.2000,Mica powder
2525.3000,Mica waste
2526.1010,Talc
2526.1090,Other
2526.2000,Crushed or powdered
2528.0000,"Natural borates and concentrates thereof (whether or not calcined), but not including borates separated from natural brine; natural boric acid containing not more than 85 % of H3BO3 calculated on the dry weight"
2529.1000,Feldspar - Fluorspar
2529.2100,Containing by weight 97 % or less of calcium fluoride
2529.2200,Containing by weight more than 97 % of calcium fluoride
2529.3000,Leucite; nepheline and nepheline syenite
2530.1000,"Vermiculite, perlite and chlorites, unexpanded"
2530.2000,"Kieserite, epsomite (natural magnesium sulphates) - Other"
2530.9010,Natural manganese dioxide
2530.9020,Zirconium silicate
2530.9030,Earth colours
2530.9090,Other
2601.1100,Non-agglomerated
2601.1200,Agglomerated
2601.2000,Roasted iron pyrites
2602.0000,"Manganese ores and concentrates, Including ferruginous manganese ores and concentrates with a manganese content of 20 % or more, calculated on the dry weight"
2603.0000,Copper ores and concentrates
2604.0000,Nickel ores and concentrates
2605.0000,Cobalt ores and concentrates
2606.0000,Aluminium ores and concentrates
2607.0000,Lead ores and concentrates
2608.0000,Zinc ores and concentrates
2609.0000,Tin ores and concentrates
2610.0000,Chromium ores and concentrates
2611.0000,Tungsten ores and concentrates
2612.1000,Uranium ores and concentrates
2612.2000,Thorium ores and concentrates
2613.1000,Roasted
2613.9000,Other
2614.0000,Titanium ores and concentrates
2615.1000,Zirconium ores and concentrates
2615.9000,Other
2616.1000,Silver ores and concentrates
2616.9000,Other
2617.1000,Antimony ores and cncentrates
2617.9000,Other
2618.0000,Granulated slag (slag sand) from the manufacture of iron or steel
2619.0000,"Slag, dross (other than granulated slag), scalings and other waste from the manufacture of iron or steel"
2620.1100,Hard zinc spelter
2620.1900,Other - Containing mainly lead
2620.2100,Leaded gasoline sludges and leaded anti-knock compound sludges
2620.2900,Other
2620.3000,Containing mainly copper
2620.4000,Containing mainly aluminium
2620.6000,"Containing arsenic, mercury, thallium or their mixtures, of a kind used for the extraction of arsenic or those metals or for the manufacture of their chemical compounds"
2620.9100,"Containing antimony, beryllium, cadmium, chromium or their mixtures"
2620.9900,Other
2621.1000,Ash and residues from the incineration of municipal waste
2621.9000,Other
2701.1100,Anthracite
2701.1200,Bituminous coal
2701.1900,Other coal
2701.2000,"Briquettes, ovoids and similar soild fuels manufactured from coal"
2702.1000,"Lignite, whether or not pulverised, but not agglomerated"
2702.2000,Agglomerated lignite
2703.0000,"Peat (including peat litter), whether or not agglomerated"
2704.0010,Coke of coal
2704.0020,Coke of lignite or peat
2704.0090,Other
2705.0000,"Coal gas, water gas, producer gas and similar gases, other than petroleum gases and other gaseous hydrocarbons"
2706.0010,Coal tar
2706.0090,Other
2707.1000,Benzol (benzene)
2707.2000,Toluol (toluene)
2707.3000,Xylol (xylenes)
2707.4000,Naphthalene
2707.5000,Other aromatic hydrocarbon mixtures of which 65 % or more by volume (including losses) distils at 250oC by the ISO 3405 method (equivalent to the ASTM D 86 method)
2707.9100,Creosote oils - - Other
2707.9910,Carbon black oil (carbon black feedstock)
2707.9920,Phenols
2707.9990,Other
2708.1000,Pitch
2708.2000,Pitch coke
2709.0000,"Petroleum oils and oils obtained from bituminous minerals, crude"
2710.1210,Motor spirit
2710.1220,Aviation spirit
2710.1230,Spirit type jet fuel
2710.1240,White spirit
2710.1250,Solvent oil (non-composite)
2710.1290,"Other - - Other: - - - Kerosene, Kerosene type jet fuels and other Kerosene based mineral oils"
2710.1911,Kerosene
2710.1912,J.P.1
2710.1913,J.P.4
2710.1914,Other jet fuels
2710.1919,Other - - - Other medium oils and preparations
2710.1921,Light diesel oil
2710.1929,Other - - - Gas oils
2710.1931,High speed diesel oil
2710.1939,Other - - - Fuel oils
2710.1941,Furnace-oil
2710.1942,Petroleum top naptha
2710.1949,"Other - - - Lubricating oil, i.e., oil such as is not ordinarily used for any other purpose than lubrication, which has flash point at or above 200oF by Abel's Close Test"
2710.1951,In packs not exceeding 10 litres
2710.1952,In packs exceeding 10 litres
2710.1953,"In bulk (vessels, bouzers, lorries etc) - - - Other"
2710.1991,Mineral oil which has flash point at or above 200oF
2710.1992,Mineral greases
2710.1993,"Base oil for lubricating oils of subheadings 2710.1951,"
2710.1994,Brake fluid
2710.1995,Liquid paraffin
2710.1996,White oil
2710.1997,Transformer oil
2710.1998,Spin finish oil
2710.1999,Other
2710.2000,"Petroleum oils and oils obtained from bituminous minerals (other than crude) and preparations not elsewhere specified or included, containing by weight 70 % or more of petroleum oils or of oils obtained from bituminous minerals,"
2710.9100,"Containing polychlorinated biphenyls (PCBs), polychlorinated terphenyls (PCTs) or polybrominated biphenyls (PBBs)"
2710.9900,Other
2711.1100,Natural gas
2711.1200,Propane
2711.1300,Butanes
2711.1400,"Ethylene, propylene, butylene and butadiene - - Other"
2711.1910,L.P.G
2711.1990,Other - In gaseous state
2711.2100,Natural gas
2711.2900,Other
2712.1000,Petroleum jelly
2712.2000,Paraffin wax containing by weight less than 0.75 % of oil - Other
2712.9010,Slack wax
2712.9090,Other
2713.1100,Not calcined
2713.1200,Calcined
2713.2000,Petroleum bitumen - Other residues of petroleum oils or of oils obtained from bituminous minerals
2713.9010,Carbon black oil (carbon black feed stock)
2713.9020,Residue carbon oil
2713.9090,Other
2714.1000,Bituminous or oil shale and tar sands
2714.9000,Other
2715.0000,"Bituminous mixtures based on natural asphalt, on natural bitumen, on petroleum bitumen, on mineral tar or on mineral tar pitch (for example, bituminous mastics, cut-backs)"
2716.0000,Electrical energy. (optional heading) I.CHEMICAL ELEMENTS
2801.1000,Chlorine
2801.2000,Iodine
2801.3000,Fluorine; bromine
2802.0010,Sublimed or precipitated
2802.0020,Colloidal
2803.0010,Carbon black (rubber grade)
2803.0020,Carbon black (other than rubber grade)
2803.0030,Acetylene black
2803.0090,Other
2804.1000,Hydrogen - Rare gases
2804.2100,Argon
2804.2900,Other
2804.3000,Nitrogen
2804.4000,Oxygen
2804.5000,Boron; tellurium - Silicon
2804.6100,Containing by weight not less than
2804.6900,Other
2804.7000,Phosphorus
2804.8000,Arsenic
2804.9000,Selenium
2805.1100,Sodium
2805.1200,Calcium
2805.1900,Other
2805.3000,"Rare-earth metals, scandium and yttrium whether or not intermixed or interalloyed"
2805.4000,Mercury II.- INORGANIC ACIDS AND INORGANIC OXYGEN COMPOUNDS OF NON-METALS
2806.1000,Hydrogen chloride (hydrochloric acid)
2806.2000,Chlorosulphuric acid
2807.0000,Sulphuric acid; oleum
2808.0010,Nitric acid
2808.0090,Sulphonitric acids
2809.1000,Diphosphorus pentaoxide - Phosphoric acid and polyphosphoric acids
2809.2010,Phosphoric acid
2809.2090,Other
2810.0010,Oxides of boron
2810.0020,Boric acid
2811.1100,Hydrogen fluoride (hydrofluoride acid)
2811.1200,Hydrogen cyanide (hydrocyanic acid) - - Other
2811.1920,Phosphorous acid hypo phosphoric acid
2811.1990,Other - Other inorganic oxygen compounds of non-metals
2811.2100,Carbon dioxide
2811.2200,Silicon dioxide - - Other
2811.2910,Sulphurous acid gas
2811.2990,Other III.- HALOGEN OR SULPHUR COMPOUNDS OF NON-METALS
2812.1100,Carbonyl dichloride (phosgene)
2812.1200,Phosphorus oxychloride
2812.1300,Phosphorus trichloride
2812.1400,Phosphorus pentachloride
2812.1500,Sulphur monochloride
2812.1600,Sulphur dichloride
2812.1700,Thionyl chloride - - Other
2812.1910,Arsenic trichloride
2812.1990,Other
2812.9000,Other
2813.1000,Carbon disulphide
2813.9000,"Other IV.- INORGANIC BASES AND OXIDES, HYDROXIDES AND PEROXIDES OF METALS"
2814.1000,Anhydrous ammonia
2814.2000,Ammonia in auqeous solution
2815.1100,Solid
2815.1200,In aqueous solution (soda lye or liquid soda)
2815.2000,Potassium hydroxide (caustic potash)
2815.3000,Peroxides of sodium or potassium
2816.1010,Magnesium hydroxide
2816.1090,Other
2816.4000,"Oxides, hydroxides and peroxides of strontium or barium"
2817.0000,Zinc oxide; zinc peroxide
2818.1000,Artificial corundum whether or not chemically defined
2818.2000,"Aluminium oxide, other than artificial corundum"
2818.3000,Aluminium hydroxide
2819.1000,Chromium trioxide - Other
2819.9010,Chromium oxide
2819.9020,Chromium hydroxide
2820.1010,Electrolytic
2820.1090,Other
2820.9000,Other
2821.1010,Iron oxide
2821.1020,Iron hydroxides
2821.2000,Earth colours
2822.0000,Cobalt oxides and hydroxides; commercial cobalt oxides
2823.0010,Titanium dioxides
2823.0090,Other
2824.1000,"Lead monoxide (litharge, massicot)"
2824.9000,Other
2825.1000,Hydrazine and hydroxylamine and their inorganic salts
2825.2000,Lithium oxide and hydroixde
2825.3000,Vanadium oxides and hydroxides
2825.4000,Nickel oxides and hydroxides
2825.5000,Copper oxides and hydroxides
2825.6000,Germanium oxides and zirconium dioxide
2825.7000,Molybdenum oxides and hydroxides
2825.8000,Antimony oxides
2825.9000,"Other V.- SALTS AND PEROXYSALTS, OF INORGANIC ACIDS AND METALS"
2826.1200,Of aluminium
2826.1900,Other
2826.3000,Sodium hexafluoroaluminate (synthetic cryolite)
2826.9000,Other
2827.1000,Ammonium chloride
2827.2000,Calcium chloride - Other chlorides
2827.3100,Of magnesium
2827.3200,Of aluminium
2827.3500,Of nickel
2827.3900,Other - Chloride oxides and chloride hydroxides
2827.4100,Of copper
2827.4900,Other - Bromides and bromide oxides
2827.5100,Bromides of sodium or of potassium
2827.5900,Other
2827.6000,Iodides and iodide oxides
2828.1010,Commercial calcium hypochlorite (bleaching powder)
2828.1090,Other
2828.9000,Other
2829.1100,Of sodium - - Other
2829.1910,Potassium chlorates
2829.1990,Other
2829.9000,Other
2830.1010,Sodium hydrogen sulphide
2830.1090,Other
2830.9000,Other
2831.1010,Dithionites of sodium
2831.1090,Other - Other
2831.9010,Formaldehyde sulphoxylates
2831.9020,Dithionites
2831.9090,Other
2832.1010,Sodium hydrogen sulphite
2832.1090,Other - Other sulphites
2832.2010,Ammonium sulphite
2832.2090,Other
2832.3000,Thiosulphates
2833.1100,Disodium sulphate
2833.1900,Other - Other sulphates
2833.2100,Of magnesium
2833.2200,Of aluminium
2833.2400,Of nickel
2833.2500,Of copper
2833.2700,Of barium - - Other
2833.2910,Sulphates of ferrous
2833.2920,Sulphates of lead
2833.2930,Of chromium
2833.2940,Of zinc
2833.2990,Other
2833.3000,Alums
2833.4000,Peroxosulphates (persulphates)
2834.1010,Sodium nitrite
2834.1090,Other - Nitrates
2834.2100,Of potassium
2834.2900,Other
2835.1000,Phosphinates (hypophosphites) and phosphonates (phosphites)
2835.2210,Of mono sodium
2835.2290,Other
2835.2400,Of potassium
2835.2500,"Calcium hydrogenorthophosphate (""dicalcium phosphate"")"
2835.2600,Other phosphates of calcium - - Other
2835.2910,Of aluminium
2835.2920,Of sodium
2835.2930,Of trisodium
2835.2990,Other - Polyphosphates
2835.3100,Sodium triphosphate (sodium tripolyphosphate)
2835.3900,Other
2836.2000,Disodium carbonate
2836.3000,Sodium hydrogencarbonate (Sodium bicarbonate)
2836.4000,Potassium carbonates
2836.5000,Calcium carbonate
2836.6000,Barium carbonate - Other
2836.9100,Lithium carbonates
2836.9200,Strontium carbonate - - Other
2836.9910,Magnesium carbonate
2836.9920,Carbonates of ammonium
2836.9930,Bicarbonate of ammonium
2836.9990,Other
2837.1100,Of sodium
2837.1900,Other
2837.2000,Complex cyanides
2839.1100,Sodium metasilicates - - Other
2839.1910,Sodium silicate
2839.1990,Other
2839.9000,Other
2840.1100,Anhydrous
2840.1900,Other
2840.2000,Other borates
2840.3000,Peroxoborates (perborates)
2841.3000,Sodium dichromate - Other chromates and dichromates; peroxochromates
2841.5010,Sodium chromate
2841.5090,"Other - Manganites, manganates and permanganates"
2841.6100,Potassium permanganate
2841.6900,Other
2841.7000,Molybdates
2841.8000,Tungstates (wolframates) - Other
2841.9010,Sodium stannate
2841.9090,Other
2842.1000,"Double or complex silicates, including aluminosilicates whether or not chemically defined"
2842.9010,"Fulminates, cyanates and thiocyanates"
2842.9090,Other VI.- MISCELLANEOUS
2843.1000,Colloidal precious metals - Silver compounds
2843.2100,Silver nitrate
2843.2900,Other
2843.3000,Gold compounds
2843.9000,Other compounds; amalgams
2844.1000,"Natural uranium and its compounds; alloys, dispersions (including cermets), ceramic products and mixtures containing natural uranium or natural uranium compounds"
2844.2000,"Uranium enriched in U 235 and its compounds; plutonium and its compounds; alloys, dispersions (including cermets), ceramic products and mixtures containing uranium enriched in U 235, plutonium or compounds of these products"
2844.3000,"Uranium depleted in U 235 and its compounds; thorium and its compounds; alloys, dispersions (including cermets), ceramic products and mixtures containing uranium depleted in U 235, thorium or compounds of these products"
2844.4100,"Tritium and its compounds; alloys, dispersions (including cermets), ceramic products and mixtures containing tritium or its compounds"
2844.4200,"Actinium-225, actinium-227, californium-253, curium-240, curium-241, curium-242, curium-243, curium-244, einsteinium-253, einsteinium-254, gadolinium-148, polonium-208, polonium-209, polonium-210, radium-223,"
2844.4300,"Other radioactive elements and isotopes and compounds; other alloys, dispersions (including cermets), ceramic products and mixtures containing these elements, isotopes or compounds"
2844.4400,Radioactive residues
2844.5000,Spent (irradiated) fuel elements (cartridges) of nuclear reactors
2845.1000,Heavy water (deuterium oxide)
2845.2000,Boron enriched in boron-10 and its compounds
2845.3000,Lithium enriched in lithium-6 and its compounds
2845.4000,Helium-3
2845.9000,Other
2846.1000,Cerium compounds
2846.9000,Other
2847.0000,"Hydrogen peroxide, whether or not solidified with urea"
2849.1000,Of calcium
2849.2000,Of silicon
2849.9000,Other
2850.0000,"Hydrides, nitrides, azides, silicides and borides, whether or not chemically defined, other than compounds which are also carbides of heading 28.49"
2852.1000,Chemically defined
2852.9000,Other
2853.1000,Cyanogen chloride (chlorcyan)
2853.9000,"Other I.- HYDROCARBONS AND THEIR HALOGENATED, SULPHONATED, NITRATED OR NITROSATED DERIVATIVES"
2901.1010,"Butane, pentane and hexane"
2901.1090,Other - Unsaturated
2901.2100,Ethylene
2901.2200,Propene (propylene)
2901.2300,Butene (butylene) and isomers thereof
2901.2400,"Buta-1, 3-diene and isoprene - - Other"
2901.2910,Heptenes
2901.2990,Other
2902.1100,Cyclohexane - - Other
2902.1910,Cyclopentane
2902.1920,Limonene(Dipentene)
2902.1990,Other
2902.2000,Benzene
2902.3000,Toluene - Xylenes
2902.4100,o -Xylene
2902.4200,m -Xylene
2902.4300,p -Xylene
2902.4400,Mixed xylene isomers
2902.5000,Styrene
2902.6000,Ethylbenzene
2902.7000,Cumene - Other
2902.9010,Naphthalene
2902.9090,Other
2903.1110,Chloromethane (methyl chloride)
2903.1190,Other
2903.1200,Dichloromethane (methylene chloride)
2903.1300,Chloroform (trichloromethane)
2903.1400,Carbon tetrachloride
2903.1500,"Ethylene dichloride (ISO) (1,2-dichloroethane) - - Other"
2903.1910,"1,1,1-Trichloroethane (methyl chloroform)"
2903.1990,Other - Unsaturated chlorinated derivatives of acyclic hydrocarbons
2903.2100,Vinyl chloride (chloroethylene)
2903.2200,Trichloroethylene
2903.2300,Tetrachloroethylene (perchloroethylene)
2903.2900,Other - Saturated fluorinated derivatives of acyclic hydrocarbons
2903.4100,Trifluoromethane (HFC-23)
2903.4200,Difluoromethane (HFC-32)
2903.4300,"Fluoromethane (HFC-41), 1,2-difluoroethane (HFC-152) and 1,1-difluoroethane (HFC-152a)"
2903.4400,"Pentafluoroethane (HFC-125), 1,1,1-trifluoroethane (HFC-143a) and 1,1,2-trifluoroethane (HFC-143"
2903.4500,"1,1,1,2-Tetrafluoroethane (HFC-134a) and 1,1,2,2tetrafluoroethane (HFC-134)"
2903.4600,"1,1,1,2,3,3,3-Heptafluoropropane (HFC-227ea), 1,1,1,2,2,3hexafluoropropane (HFC-236cb), 1,1,1,2,3,3-hexafluoropropane (HFC-236ea) and 1,1,1,3,3,3-hexafluoropropane (HFC-236fa)"
2903.4700,"1,1,1,3,3-Pentafluoropropane (HFC-245fa) and 1,1,2,2,3pentafluoropropane (HFC-245ca"
2903.4800,"1,1,1,3,3-Pentafluorobutane (HFC-365mfc) and 1,1,1,2,2,3,4,5,5,5-decafluoropentane (HFC-43-10mee)"
2903.4910,"1,1,3,3,3-Pentafluoro-2-(trifluoromethyl)-prop-1-ene"
2903.4920,Ingredients for pesticides
2903.4990,Other - Unsaturated fluorinated derivatives of acyclic hydrocarbons
2903.5100,"2,3,3,3-Tetrafluoropropene (HFO-1234yf), 1,3,3,3tetrafluoropropene (HFO-1234ze) and (Z)- 1,1,1,4,4,4hexafluoro-2-butene (HFO-1336mzz)"
2903.5900,Other - Brominated or iodinated derivatives of acyclic hydrocarbons
2903.6100,Methyl bromide (bromomethane)
2903.6200,"Ethylene dibromide (ISO) (1,2-dibromoethane)"
2903.6900,Other - Halogenated derivatives of acyclic hydrocarbons containing two or more different halogens
2903.7100,Chlorodifluoromethane (HCFC-22)
2903.7200,Dichlorotrifluoroethanes (HCFC-123)
2903.7300,"Dichlorofluoroethanes (HCFC-141, 141b)"
2903.7400,"Chlorodifluoroethanes (HCFC-142, 142b)"
2903.7500,"Dichloropentafluoropropanes (HCFC-225, 225ca, 225cb)"
2903.7600,"Bromochlorodifluoromethane (Halon-1211), bromotrifluoromethane (Halon-1301) and dibromotetrafluoroethanes (Halon-2402)"
2903.7710,Pentachlorofluoroethane; Pentachlorotrifluoropropanes; Pentachlorofluromethane
2903.7720,Chloroheptafluoropropanes; Chloropentafluoroethane
2903.7730,Tetrachlorodifluoroethanes; Tetrachlorotetrafluoropropanes
2903.7740,Heptachlorofluoropropanes
2903.7750,Hexachlorodifluoropropoanes
2903.7760,Tricholoropentafluoropropanes
2903.7770,Dichlorohextafluoropropoanes
2903.7780,Chlorotrifluoroethane
2903.7790,Other
2903.7800,Other perhalogenated derivatives - - Other
2903.7910,Chlorotetrafluoroethanes
2903.7990,"Other - Halogenated derivatives of cyclanic, cyclenic or cycloterpenic hydrocarbons"
2903.8100,"1,2,3,4,5,6-Hexachlorocyclohexane (HCH (ISO)), including lindane (ISO, INN)"
2903.8200,"Aldrin (ISO), chlordane (ISO) and heptachlor (ISO)"
2903.8300,Mirex (ISO)
2903.8900,"Other - Halogenated derivatives of aromatic hydrocarbons: - - Chlorobenzene, o -dichlorobenzene and p - dichlorobenzene"
2903.9110,Chlorobenzene
2903.9120,o -dichlorobenzene
2903.9130,p -dichlorobenzene
2903.9200,"Hexachlorobenzene (ISO) and DDT (ISO) (clofenotane (INN), 1,1,1-trichloro-2,2-bis(p-chlorophenyl)ethane)"
2903.9300,Pentachlorobenzene (ISO)
2903.9400,Hexabromobiphenyls
2903.9900,Other
2904.1010,Benzene sulphonic acid
2904.1090,Other - Derivatives containing only nitro or only nitroso groups
2904.2010,Nitrobenzene (mirbane oil)
2904.2090,"Other - Perfluorooctane sulphonic acid, its salts and perfluorooctane sulphonyl fluoride"
2904.3100,Perfluorooctane sulphonic acid
2904.3200,Ammonium perfluorooctane sulphonate
2904.3300,Lithium perfluorooctane sulphonate
2904.3400,Potassium perfluorooctane sulphonate
2904.3500,Other salts of Perfluorooctane sulphonic acid
2904.3600,Perfluorooctane sulphonyl fluoride - Other
2904.9100,Trichloronitromethane (chloropicrin)
2904.9900,"Other II.- ALCOHOLS AND THEIR HALOGENATED, SULPHONATED, NITRATED OR NITROSATED DERIVATIVES"
2905.1100,Methanol (methyl alcohol) - - Propan-1-o1 (propyl alcohol) and propan-2-ol (isopropyl alcohol)
2905.1210,Proply alcohol (1-propanol)
2905.1220,Iso propyl alcohol (2-propanol)
2905.1300,Butan-1-o1 (n-butyl alcohol)
2905.1400,Other butanols
2905.1600,"Octanol (octyl alcohol) and isomers thereof - - Dodecan -1-o1(lauryl alcohol), hexadecan-1-ol (cetyl alcohol) and octadecan-1-ol (stearyl alcohol)"
2905.1710,Stearyl alcohol
2905.1720,Cetyl alcohol
2905.1790,Other - - Other
2905.1910,Iso Nonyl Alcholo (INA)
2905.1920,"3,3-dimethylbutan-2-ol (pinacolyl alcohol)"
2905.1990,Other - Unsaturated monohydric alcohols
2905.2200,Acyclic terpene alcohols
2905.2900,Other - Diols
2905.3100,Ethylene glycol (ethanediol) (MEG)
2905.3200,"Propylene glycol (propane-1, 2-diol)"
2905.3900,Other - Other polyhydric alcohols
2905.4100,"2-Ethyl-2-(hydroxymethyl)propane-1, 3-dio (trimethylolpropane)"
2905.4200,Pentaerythritol
2905.4300,Mannitol
2905.4400,D-glucitol (sorbitol)
2905.4500,Glycerol
2905.4900,"Other - Halogenated, sulphonated, nitrated or nitrosated derivatives of acyclic alcohols"
2905.5100,Ethchlorvynol (INN)
2905.5900,Other
2906.1100,Menthol
2906.1200,"Cyclohexanol, methylcyclohexanols and dimethylcyclo-hexanols"
2906.1300,Sterols and inositols - - Other
2906.1910,Terpineols
2906.1990,Other - Aromatic
2906.2100,Benzyl alcohol - - Other
2906.2910,Ingredients for pesticides
2906.2990,"Other III.- PHENOLS, PHENOL-ALCOHOLS, AND THEIR HALOGENATED,SULPHONATED, NITRATED OR NITROSATED DERIVATIVES"
2907.1100,Phenol (hydroxybenzene) and its salts
2907.1200,Cresols and their salts
2907.1300,"Octylphenol, nonylphenol and their isomers; salts thereof"
2907.1500,Naphthols and their salts
2907.1900,Other - Polyphenols; phenol-alcohols
2907.2100,Resorcinol and its salts
2907.2200,Hydroquinone (quinol) and its salts
2907.2300,"4,4'-Isopropylidienediphenol (bisphenol A,diphenylolpropane)and its salts"
2907.2900,Other
2908.1100,Pentachlorophenol (ISO) - - Other
2908.1910,"4-chloro, 3-methyl phenol, and chlorohyroquinone"
2908.1990,Other - Other
2908.9100,Dinoseb (ISO) and its salts
2908.9200,"4,6-Dinitro-o-cresol (DNOC (ISO) and its salts"
2908.9900,"Other IV.- ETHERS, ALCOHOL PEROXIDES, ETHER PEROXIDES, ACETAL AND HEMIACETAL PEROXIDES, KETONE PEROXIDES, EPOXIDES WITH A THREE"
2909.1100,Diethyl ether - - Other
2909.1910,Methyl tertiary butyle ether (MTBE)
2909.1990,Other
2909.2000,"Cyclanic, cyclenic or cycloterpenic ethers and their halogenated, sulphonated, nitrated or nitrosated derivatives"
2909.3000,"Aromatic ethers and their halogenated, sulphonated, nitrated or nitrosated derivatives"
2909.4100,"2,2'- Oxydiethanol (diethylene glycol, digol)"
2909.4300,Monobutyl ethers of ethylene glycol or of diethylene glycol
2909.4410,Monomethyl ethers of ethylene glycol or of diethylene glycol
2909.4490,Other - - Other
2909.4910,Ingredients for pesticides
2909.4990,Other
2909.5000,"Ether-phenols, ether-alcohol-phenols and their halogenated, sulphonated, nitrated or nitrosated derivatives"
2909.6000,"Alcohol peroxides, ether peroxides, acetal and hemiacetal peroxides, ketone peroxides and their halogenated, sulphonated, nitrated or nitrosated derivatives"
2910.1000,Oxirane (ethylene oxide)
2910.2000,Methyloxirane (propylene oxide)
2910.3000,"1-Chloro-2,3-epoxypropane (epichlorohydrin)"
2910.4000,"Dieldrin (ISO, INN)"
2910.5000,Endrin (ISO)
2910.9000,Other
2911.0000,"Acetals and hemiacetals, whether or not with other oxygen function, and their halogenated, sulphonated, nitrated or nitrosated derivatives"
2912.1100,Methanal (formaldehyde)
2912.1200,Ethanal (acetaldehyde)
2912.1900,Other - Cyclic aldehydes without other oxygen function
2912.2100,Benzaldehyde
2912.2900,"Other - Aldehyde-alchols, aldehyde-ethers, aldehyde-phenols and aldehydes with other oxygen function"
2912.4100,Vanillin (4-hydroxy-3-methoxybenzaldehyde)
2912.4200,Ethylvanillin (e-ethoxy-4-hydroxybenzaldehyde)
2912.4900,Other
2912.5000,Cyclic polymers of aldehydes
2912.6000,Paraformaldehyde
2913.0000,"Halogenated, sulphonated, nitrated or nitrosated derivatives of products of heading 29.12"
2914.1100,Acetone
2914.1200,Butanone (methyl ethyl ketone)
2914.1300,4-Methylpentan-2-one (methyl isobutyl ketone)
2914.1900,"Other - Cyclanic, cyclenic or cycloterpenic ketones without other oxygen function"
2914.2200,Cyclohexanone and methylcyclohexanones
2914.2300,Ionones and methylionones - - Other
2914.2910,Isophorone
2914.2990,Other - Aromatic ketones without other oxygen function
2914.3100,Phenylacetone (phenylpropan-2-one)
2914.3900,Other
2914.4000,Ketone-alcohols and ketone-aldehydes
2914.5000,Ketone-phenols and ketones with other oxygen function - Quinones
2914.6100,Anthraquinone
2914.6200,Coenzyme Q10 (ubidecarenone (INN)
2914.6900,"Other - Halogenated, sulphonated, nitrated or nitrosated derivatives"
2914.7100,Chlordecone (ISO)
2914.7900,"Other VII. CARBOXYLIC ACIDS AND THEIR ANHYDRIDES, HALIDES, PEROXIDES AND PEROXYACIDS AND THEIR HALOGENATED, SULPHONATED, NITRATED OR"
2915.1100,Formic acid - - Salts of formic acid
2915.1210,Sodium formate
2915.1290,Other
2915.1300,Esters of formic acid - Acetic acid and its salts; acetic anhydride
2915.2100,Acetic acid
2915.2400,Acetic anhydride - - Other
2915.2910,Calcium acetate
2915.2920,Lead acetate
2915.2930,Sodium acetate
2915.2940,Cobalt acetates
2915.2990,Other - Esters of acetic acid
2915.3100,Ethyl acetate
2915.3200,Vinyl acetate
2915.3300,n -Butyl acetate
2915.3600,Dinoseb (ISO) acetate - - Other
2915.3910,Benzyl acetate
2915.3920,Amyl acetate
2915.3930,sec -Butyl acetate
2915.3940,Methyl acetate
2915.3990,Other
2915.4000,"Mono- , di-or trichloroacetic acids, their salts and esters"
2915.5000,"Propionic acid, its salts and esters - Butanoic acids, pentanoic acids, their salts and esters"
2915.6010,Butyric acid
2915.6020,Salts and ester of butyric acid
2915.6030,Salts and ester of valeric acid
2915.6090,"Other - Palmitic acid, stearic acid, their salts and esters"
2915.7010,Stearic acid
2915.7090,Other
2915.9000,Other
2916.1100,Acrylic acid and its salts
2916.1200,Esters of acrylic acid
2916.1300,Methacrylic acid and its salts
2916.1400,"Esters of methacrylic acid - - Oleic, linoleic or linolenic acids, their salts and esters"
2916.1510,Oleic cid
2916.1520,Salts and derivatives of oleic acid
2916.1590,Other
2916.1600,Binapacryl (ISO) - - Other
2916.1910,"Maleic acid, AZDN (2-AZOBIS) Isobutyronitrile 99% Min)"
2916.1990,Other
2916.2000,"Cyclanic, cyclenic or cycloterpenic monocarboxylic acids, their anhydrides, halides, peroxides, peroxyacids and their derivatives"
2916.3110,Benzoic acid
2916.3120,Sodium benzoate
2916.3190,Other
2916.3200,Benzoyl peroxide and benzoyl chloride
2916.3400,Phenylacetic acid and its salts - - Other
2916.3910,Ibuprofen
2916.3920,Ingredients for pesticides
2916.3990,Other
2917.1110,Oxalic acid
2917.1190,Other
2917.1200,"Adipic acid, its salts and esters"
2917.1300,"Azelaic acid, sebacic acid, their salts and esters"
2917.1400,Maleic anhydride
2917.1900,Other
2917.2000,"Cyclanic, cyclenic or cycloterpenic polycarboxylic acids, their anhydrides, halides, peroxides, peroxyacids and their derivatives"
2917.3200,Dioctyl orthophthalates
2917.3300,Dinonyl or didecyl orthophthalates - - Other esters of orthophthalic acid
2917.3410,Dibutyl orthophthalates
2917.3490,Other
2917.3500,Phthalic anhydride - - Terephthalic acid and its salts
2917.3610,Pure terephthalic acid (PTA)
2917.3690,Other
2917.3700,Dimethyl terephthalate (DMT) - - Other
2917.3910,Iso phthalic acid
2917.3920,Di-Octyl Terephthalate (DOTP)
2917.3990,Other
2918.1110,Lactic acid
2918.1190,Other
2918.1200,Tartaric acid
2918.1300,Salts and esters of tartaric acid
2918.1400,Citric acid - - Salts and esters of citric acid
2918.1510,Sodium citrate
2918.1590,Other
2918.1600,"Gluconic acid, its salts and esters"
2918.1700,"2,2-Diphenyl-2-hydroxyacetic acid (benzilic acid)"
2918.1800,Chlorobenzilate (ISO)
2918.1900,"Other - Carboxylic acids with phenol function but without other oxygen function, their anhydrides, halides, peroxides, peroxyacids and their derivatives"
2918.2110,Salicylic acid
2918.2120,Sodium salicylate
2918.2130,Methyl salicylate
2918.2190,"Other - - O-Acetylsalicylic acid, its salts and esters"
2918.2210,Aspirin
2918.2290,Other
2918.2300,Other esters of salicyclic acid and their salts
2918.2900,Other
2918.3000,"Carboxylic acids with aldehyde or ketone function but without other oxygen function, their anhydrides, halides, peroxides, peroxyacids and their derivatives"
2918.9100,"2,4,5-T (ISO) (2,4,5-trichlorophenoxyacetic acid), its salts and esters"
2918.9910,Ingredients for pesticides
2918.9990,"Other VIII.- ESTERS OF INORGANIC ACIDS OF NON-METALS AND THEIR SALTS, AND THEIR HALOGENATED, SULPHONATED, NITRATED OR NITROSATED"
2919.1000,"Tris(2,3-dibromopropyl) phosphate - Other"
2919.9010,Ingredients for pesticides
2919.9090,Other
2920.1100,Parathion (ISO) and parathion-methyl (ISO) (methyl-parathion)
2920.1900,"Other - Phosphite esters and their salts; their halogenated, sulphonated, nitrated or nitrosated derivatives"
2920.2100,Dimethyl Phosphite
2920.2200,Diethyl Phosphite
2920.2300,Trimethyl Phosphite
2920.2400,Triethyl Phosphite
2920.2900,Other
2920.3000,Endosulfan (ISO) - Other
2920.9010,Sulphonic esters and derivatives
2920.9020,Ingredients for pesticides
2920.9090,Other IX.- NITROGEN-FUNCTION COMPOUNDS
2921.1100,"Methylamine, di-or trimethylamine and their salts"
2921.1200,"2-(N,N-Dimethylamino)ethylchloride hydrochloride"
2921.1300,"2-(N,N-Diethylamino)ethylchloride hydrochloride"
2921.1400,"2-(N,N-Diisopropylamino)ethylchloride hydrochloride - - Other"
2921.1910,Paraxylidine sulfamic acid
2921.1920,Bis(2-chloroethyl) ethylamine
2921.1930,Chlormethine (INN) (bis(2-chloroethyl) methylamine)
2921.1940,Trichlomethine (INN) (tris(2-chloroethyl)amine)
2921.1950,"N,N-Dialkyl(methyl, ethyl, n-propyl or isopropyl)2-chloroethylamines and their protonated salts"
2921.1990,Other - Acyclic polyamines and their derivatives; salts thereof
2921.2100,Ethylenediamine and its salts
2921.2200,Hexamethylenediamine and its salts - - Other
2921.2910,Aceto Acetic ortho anisidine
2921.2920,Di amino stilbene
2921.2990,Other
2921.3000,"Cyclanic, cyclenic or cycloterpenic mono-or polyamines, and their derivatives; salts thereof"
2921.4110,Aniline
2921.4190,Other
2921.4200,Aniline derivatives and their salts - - Toluidines and their derivatives; salts thereof
2921.4310,Ingredients for pesticides
2921.4390,Other
2921.4400,"Diphenylamine and its derivatives; salts thereof - - 1-Naphthylamine (alpha-naphthylamine), 2-naphthylamine (beta-naphthylamine) and their derivatives; salts thereof"
2921.4510,Sodium naphthionate
2921.4590,Other
2921.4600,"Amfetamine (INN), benzfetamine (INN), dexamfetamine (INN), etilamfetamine (INN), fencamfamin (INN), lefetamine (INN), levamfetamine (INN), mefenorex (INN) and phentermine (INN); salts thereof"
2921.4900,"Other - Aromatic polyamines and their derivatives; salts thereof: - - o-, m-, p-Phenylenediamine, diaminotoluenes, and their derivatives; salts thereof"
2921.5110,Ingredients for pesticides
2921.5190,Other
2921.5900,Other
2922.1100,Monoethanolamine and its salts
2922.1200,Diethanolamine and its salts
2922.1400,Dextropropoxyphene (INN) and its salts
2922.1500,Triethanolamine
2922.1600,Diethanolammonium perfluorooctane sulphonate
2922.1700,Methyldiethanolamine and ethyldiethanolamine
2922.1800,"2-(N,N-Diisopropylamino)ethanol - - Other: - - - N,N-Dialkyl (methyl, ethyl, n-propyl or isopropyl)-2-aminoethanols and their protonated salts"
2922.1911,"N,N-Dimethyl-2-aminoethanol and its protonated salts"
2922.1912,"N,N-Diethyl-2-aminoethanol and its protonated salts"
2922.1919,Other
2922.1990,"Other - Amino-naphthols and other amino-phenols, other than those containing more than one kind of oxygen function, their ethers and esters; salts thereof"
2922.2100,Aminohydroxynaphthalenesulphonic acids and their salts
2922.2900,"Other - Amino-aldehydes, amino-ketones and amino-quinones, other than those containing more than one kind of oxygen function; salts thereof"
2922.3100,"Amfepramone (INN), methadone (INN) and normethadone (INN); salts thereof"
2922.3900,"Other - Amino-acids, other than those containing more than one kind of oxygen function, and their esters; salts thereof"
2922.4100,"Lysine and its esters, salts thereof - - Glutamic acid and its salts"
2922.4210,Monosodium glutamate
2922.4290,Other
2922.4300,Anthranilic acid and its salt
2922.4400,Tilidine (INN) and its salts - - Other
2922.4910,Alanine
2922.4990,Other
2922.5000,"Amino-alcohol-phenols, amino-acid-phenols and other amino-compounds with oxygen function"
2923.1000,Choline and its salts
2923.2000,Lecithins and other phosphoaminolipids
2923.3000,Tetraethylammonium perfluorooctane sulphonate
2923.4000,Didecyldimethylammonium perfluorooctane sulphonate - Other
2923.9010,Betaine
2923.9090,Other
2924.1100,Meprobamate (INN)
2924.1200,"Fluoroacetamide (ISO), monocrotophos (ISO) and phosphamidon (ISO)"
2924.1910,Acetamide
2924.1920,Acrylamido methyl propane sulphonic acid (AMPS)
2924.1990,Other - Cyclic amides (including cyclic carbamates) and their derivatives; salts thereof
2924.2100,Ureines and their derivatives; salts thereof
2924.2300,2-Acetamidobenzoic acid (N-acetylanthranilic acid) and its salts
2924.2400,Ethinamate (INN)
2924.2500,Alachlor (ISO) - - Other
2924.2910,Paracetamol
2924.2920,Aceto acet ortho toluidine
2924.2940,Phenacetine (Aceto-phenetidine)
2924.2950,Ingredients for pesticides
2924.2990,Other
2925.1100,Saccharin and its salts
2925.1200,Glutethimide (INN)
2925.1900,Other - Imines and their derivatives; salts thereof
2925.2100,Chlordimeform (ISO) - - Other
2925.2910,Diphenyl-guanidine
2925.2990,Other
2926.1000,Acrylonitrile
2926.2000,1-Cyanoguanidine (dicyandiamide)
2926.3000,"Fenproporex (INN) and its salts; methadone (INN) intermediate (4-cyano-2- dimethylamino-4,4-diphenylbutane)"
2926.4000,alpha-Phenylacetoacetonitrile - Other
2926.9010,"Alpha cyano, 3-phenoxybenzyl (-)cis, trans 3-(2,2-diclord vinyl) 2,2 dimethyl cyclopropane carboxylate"
2926.9020,"(S) Alpha cyano, 3-phenoxybenzyl (S)-2-(4, chloro phenyl)-3 mehtyl butyrate"
2926.9030,"Cyano, 3-phenony benzyl 2,2,3,3 tetra methyl cyclopropane carboxalate"
2926.9040,N-methylpyrolidon
2926.9050,Ingredients for pesticides
2926.9090,Other
2927.0010,Benzene-diazonium chloride
2927.0020,Azobenzene and azotoluenes
2927.0030,"Azoxybenzene, azoxybenzoic acid and azoxytoluidine"
2927.0040,Diazoamino-benzene
2927.0090,Other
2928.0010,Phenyl-hydrazine
2928.0020,Benzyl-phenyl-hydrazine
2928.0090,Other
2929.1000,Isocyanates - Other
2929.9010,Isocyanides
2929.9020,"N,N-Dialkyl(methyl, ethyl, n-propyl, or isopropyl) phosphoramidic dihalides"
2929.9030,"Dialkyl(methyl, ethyl, n-propyl or isopropyl)N,N-dialkyl (methyl, ethyl, n-propyl or isopropyl)phosphoramidates"
2929.9090,"Other X.- ORGANO-INORGANIC COMPOUNDS, HETEROCYCLICCOMPOUNDS, NUCLEIC ACIDS AND THEIR SALTS, AND SULPHONAMIDES"
2930.1000,"2-(N,N-Dimethylamino) ethanethiol - Thiocarbamates and dithiocarbamates"
2930.2010,"2-N, N-Dimethyl amino-I sodium thiosulphate, 3-thiosulfourropane"
2930.2020,S-S (2 dimethyl amino (trimethylene) bis (thio carbamate)
2930.2030,Other Ingredients for pesticides
2930.2090,Other
2930.3000,"Thiuram mono- , di-or tetrasulphides"
2930.4000,Methionine
2930.6000,"2-(N,N-Diethylamino)ethanethiol"
2930.7000,Bis(2-hydroxyethyl)sulfide (thiodiglycol (INN))
2930.8000,"Aldicarb (ISO), captafol (ISO) and methamidophos (ISO) - Other"
2930.9010,"2-N,N-dimethylamino 1,3 disodium thiosulphate propane"
2930.9020,"O,S-dimethyl phosphoramidothioate"
2930.9030,Diafethiuran technical (itertbutyl) 3-2-6 disopropyl (4-phenoxyphenyl) thiourene
2930.9040,"O-O diethyl O-(3,5,6 trichloro pyridinyl) phosphorothioate"
2930.9050,"O-(4-bromo, 2-chloro phenyl) o-ethyl s-propyl (phosphorothioate)"
2930.9060,"O,O diethyl O-(3,5,6-trichloro 2-pyridyl) phosphorothioate"
2930.9070,Ingredients for pesticides - - - Other
2930.9091,"[S-2-(dialkyl(methyl,ethyl,n-propyl or isopropyl)amino)ethyl ]hydrogen alkyl (methyl,ethyl, n-propyl or isopropyl)phosphonothioates and their O-alkyl (less than C10, including cycloalkyl)esters, alkylated or protonated"
2930.9092,"2-Chloroethylchloromethylsulphide; Bis(2-chloroethyl)sulphide; Bis(2-chloroethylthio)methane; 1,2-Bis(2-chloroethylthio)ethane; 1,3-Bis(2-chloroethylthio)-n-propane; 1,4-Bis(2-chloroethylthio)-n-butane; 1,5-Bis(2"
2930.9093,"O,O-Diethyl S-[2-(diethylamino) ethyl]phosphorothioate and its alkylated or protonated salts; N,N-Dialkyl (methyl, ethyl,n-propyl or isopropyl) aminoethane-2-thiols and their protonated salts"
2930.9094,"Containing a phosphorus atom to which is bonded one methyl, ethyl, n-propyl or isopropyl group but not further carbon atoms"
2930.9099,Other
2931.1000,Tetramethyl lead and tetraethyl lead
2931.2000,Tributyltin compounds - Non-halogenated organo-phosphorous derivatives
2931.4100,Dimethyl methylphosphonate
2931.4200,Dimethyl propylphosphonate
2931.4300,Diethyl ethylphosphonate
2931.4400,Methylphosphonic acid
2931.4500,Salt of methylphosphonic acid and (aminoiminomethyl)urea (1 : 1)
2931.4600,"2,4,6-Tripropyl-1,3,5,2,4,6-trioxatriphosphinane 2,4,6-trioxide"
2931.4700,"(5-Ethyl-2-methyl-2-oxido-1,3,2-dioxaphosphinan-5-yl) methyl methyl methylphosphonate"
2931.4800,"3,9-Dimethyl-2,4,8,10-tetraoxa-3,9-diphosphaspiro[5.5] undecane 3,9-dioxide"
2931.4900,Other - Halogenated organo-phosphorous derivatives
2931.5100,Methylphosphonic dichlorid
2931.5200,Propylphosphonic dichloride
2931.5300,O-(3-chloropropyl) O-[4-nitro-3-(trifluoromethyl)phenyl] methylphosphonothionate
2931.5400,Trichlorfon (ISO) - - Other
2931.5910,"O-Alkyl (< C10, including cycloalkyl) alkyl (methyl, ethyl, n-propyl or isopropyl)phosphonofluoridates"
2931.5920,"O-Alkyl (< C10, including cycloalkyl)N,N-dialkyl (methyl, ethyl, n-propyl or isopropyl) phosphoramidocyanidates"
2931.5930,"Alkyl (methyl, ethyl, n-propyl or isopropyl) phosphonyl difluorides"
2931.5940,"[O-2-(dialkyl (methyl, ethyl, n-propyl or isopropyl) amino)ethyl] hydrogen alkyl(methyl, ethyl, n-propyl or isopropyl)phosphonites and their O-alkyl (<C10, including cycloalkyl) esters; alkylated or protonated salts thereof"
2931.5950,O-Isopropyl methylphosphonochloridate
2931.5960,O-Pinacolyl methylphosphonochloridate - - - Other
2931.5991,"Containing a phosphorus atom to which is bonded one methyl, ethyl, n-propyl or isopropyl group but not further carbon atoms"
2931.5999,Other - Other
2931.9040,Ingredients for pesticides
2931.9050,2-Chlorovinyldichloroarsine
2931.9060,Bis(2-chlorovinyl)chloroarsine
2931.9070,Tris(2-chlorovinyl)arsine
2931.9090,Other
2932.1100,Tetrahydrofuran
2932.1200,2-Furaldehyde (furfuraldehyde)
2932.1300,Furfuryl alcohol and tetrahydrofurfuryl alcohol
2932.1400,Sucralose
2932.1900,Other - Lactones
2932.2010,"4,5,6,7-tetrachloropthalide"
2932.2020,Isoascorbic acid
2932.2030,Ingredients for pesticides
2932.2090,Other - Other
2932.9100,Isosafrole
2932.9200,"1-(1,3-Benzodioxol-5-yl)propan-2-one"
2932.9300,Piperonal
2932.9400,Safrole
2932.9500,Tetrahydrocannabinols (all isomers)
2932.9600,Carbofuran (ISO) - - Other
2932.9910,"2,3 Dihydro 2-2 dimethyl-7 benzo furanyl methyl-carbamate"
2932.9990,Other
2933.1100,Phenazone (antipyrin) and its derivatives
2933.1900,Other - Compounds containing an unfused imidazole ring (whether or not hydrogenated) in the structure
2933.2100,Hydantoin and its derivatives
2933.2900,Other - Compounds containing an unfused pyridine ring (whether or not hydrogenated) in the structure
2933.3100,Pyridine and its salts
2933.3200,Piperidine and its salts
2933.3300,"Alfentanil (INN), anileridine (INN), bezitramide (INN), bromazepam (INN), carfentanil (INN), difenoxin (INN), diphenoxylate (INN), dipipanone (INN), fentanyl (INN), ketobemidone (INN), methylphenidate (INN), pentazocine"
2933.3400,Other fentanyls and their derivatives
2933.3500,3-Quinuclidinol
2933.3600,4-Anilino-N-phenethylpiperidine (ANPP)
2933.3700,N-Phenethyl-4-piperidone (NPP) - - Other
2933.3910,Chlorpheniramine and isoniazid
2933.3920,Pyrazinamide
2933.3940,3-Quinuclidinyl benzilate
2933.3960,Ingredients for pesticides
2933.3990,"Other - Compounds containing in the structure a quinoline or isoquinoline ring-system (whether or not hydrogenated), not further fused"
2933.4100,Levorphanol (INN) and its salts - - Other
2933.4910,Amodiaquine
2933.4920,Quinoline
2933.4930,Chloroquine sulphate
2933.4940,Chloroquine phosphate
2933.4950,Moxifloxacin HCL
2933.4990,Other - Compounds containing a pyrimidine ring (whether or not hydrogenated) or piperazine ring in the structure
2933.5200,Malonylurea (barbituric acid) and its salts
2933.5300,"Allobarbital (INN), amobarbital (INN), barbital INN), butalbital (INN), butobarbital, cyclobarbital (INN), methylphenobarbital (INN), pentobarbital (INN), phenobarbital (INN), secbutabarbital (INN), secobarbital"
2933.5400,Other derivatives of malonylurea (barbituric acid); salts thereof
2933.5500,"Loprazolam (INN), mecloqualone (INN), methaqualone (INN) and zipeprol (INN); salts thereof"
2933.5910,"0, Diethyl, 0 (2, iso propyl-6 methyl-pyrimidin-4-YL) phosphoro thioate"
2933.5920,"1-tert, butyl-3 (2,6 iso propyl 4-phenoxy phenyal thiourean"
2933.5930,Ciprofloxacin
2933.5940,Norfloxacin
2933.5950,Ingredients for pesticides
2933.5960,Sitagliptin Phosphate Monohydrate
2933.5970,Trimethoprim
2933.5990,Other - Compounds containing an unfused triazine ring (whether or not hydrogenated) in the structure
2933.6100,Melamine - - Other
2933.6910,Pyrimethamine
2933.6920,Isoniazid
2933.6930,Cyanuric chloride
2933.6940,Ingredients for pesticides
2933.6990,Other - Lactams
2933.7100,6-Hexanelactam (epsilon-caprolactam)
2933.7200,Clobazam (INN) and methyprylon(INN) - - Other lactams
2933.7910,Isatin (lactam of istic acid)
2933.7920,1-Vinyl-2-pyrrol-idone
2933.7990,Other - Other
2933.9100,"Alprazolam (INN), camazepam (INN), chlordiazepoxide (INN), clonazepam (INN), clorazepate, delorazepam (INN), diazepam (INN), estazolam (INN), ethyl loflazepate (INN), fludiazepam (INN), flunitrazepam (INN), flurazepam (INN),"
2933.9200,Azinphos-methyl (ISO) - - Other
2933.9910,Ingredients for pesticides
2933.9990,Other
2934.1010,Ingredients for pesticides
2934.1090,Other
2934.2000,"Compounds containing in the structure a benzothiazole ring-system (whether or not hydrogenated), not further fused"
2934.3000,"Compounds containing in the structure a phenothiazine ring-system (whether or not hydrogenated), not further fused"
2934.9100,"Aminorex (INN), brotizolam (INN), clotiazepam (INN), cloxazolam (INN), dextromoramide (INN), haloxazolam (INN), ketazolam (INN), mesocarb (INN), oxazolam (INN), pemoline (INN), phendimetrazine (INN), phenmetrazine"
2934.9200,Other fentanyls and their derivatives - - Other
2934.9910,Furazolidone
2934.9920,Ingredients for pesticides
2934.9990,Other
2935.1000,N-Methylperfluorooctane sulphonamide
2935.2000,N-Ethylperfluorooctane sulphonamide
2935.3000,N-Ethyl-N-(2-hydroxyethyl) perfluorooctane sulphonamide
2935.4000,N-(2-Hydroxyethyl)-N-methylperfluorooctane sulphonamide
2935.5000,Other perfluorooctane sulphonamides - Other
2935.9010,o-Toluene-sulphonamide
2935.9020,Sulpha-diazine (INN)
2935.9030,Sulphamethoxazole
2935.9040,Sulpha-thiazolediazine
2935.9050,Sulphanilamide
2935.9090,"Other XI-PRO-VITAMINS, VITAMINS AND HORMONES"
2936.2100,Vitamins A and their derivatives
2936.2200,Vitamin B1 and its derivatives
2936.2300,Vitamin B2 and its derivatives
2936.2400,D-or DL-Pantothenic acid (Vitamin B5) and its derivatives
2936.2500,Vitamin B6 and its derivatives
2936.2600,Vitamin B12 and its derivatives
2936.2700,Vitamin C and its derivatives
2936.2800,Vitamin E and its derivatives
2936.2900,Other vitamins and their derivatives
2936.9000,"Other, including natural concentrates"
2937.1100,"Somatotropin, its derivatives and structural analogues"
2937.1200,Insulin and its salts
2937.1900,"Other - Steroidal hormones, their derivatives and structural analogues"
2937.2100,"Cortisone, hydrocortisone, prednisone (dehydrocortisone) and prednisolone (dehydrohydrocortisone)"
2937.2200,Halogenated derivatives of corticosteroidal hormones
2937.2300,Oestrogens and progestogens
2937.2900,Other
2937.5000,"Prostaglandins, thromboxanes and leukotrienes, their derivatives and structural analogues"
2937.9000,"Other XII.GLYCOSIDES AND ALKALOIDS, NATURAL OR REPRODUCED BY SYNTHESIS, AND THEIR SALTS, ETHERS, ESTERS AND OTHER DERIVATIVES"
2938.1000,Rutoside (rutin) and its derivatives - Other
2938.9010,Ingredients for pesticides
2938.9090,Other
2939.1100,"Concentrates of poppy straw; buprenorphine (INN), codeine, dihydrocodeine (INN), ethylmorphine, etorphine (INN), heroin, hydrocodone (INN), hydromorphone (INN), morphine, nicomorphine (INN), oxycodone (INN),"
2939.1900,Other - Alkaloids of cinchona and their derivatives; salts thereof
2939.2010,Quinine sulphate
2939.2090,Other
2939.3000,Caffeine and its salts - Alkaloids of ephedra and their derivatives; salts thereof
2939.4100,Ephedrine and its salts
2939.4200,Pseudoephedrine (INN) and its salts
2939.4300,Cathine (INN) and its salts
2939.4400,Norephedrine and its salts
2939.4500,"Levometamfetamine, metamfetamine (INN), metamfetamine racemate and their salts"
2939.4900,Other - Theophylline and aminophylline (theophylline-ethylenediamine) and their derivatives; salts thereof
2939.5100,Fenetylline (INN) and its salts
2939.5900,Other - Alkaloids of rye ergot and their derivatives; salts thereof
2939.6100,Ergometrine (INN) and its salts
2939.6200,Ergotamine (INN) and its salts
2939.6300,Lysergic acid and its salts
2939.6900,"Other - Other, of vegetal origin"
2939.7200,"Cocaine, ecgonine; salts, esters and other derivatives thereof"
2939.7900,Other - Other
2939.8010,Ingredients for pesticides
2939.8090,Other XIII.- OTHER ORGANIC COMPOUNDS
2940.0000,"Sugars, chemically pure, other than sucrose, lactose, maltose, glucose and fructose; sugar ethers, sugar acetals and sugar esters, and their salts, other than products of heading 29. 37, 29. 38 or"
2941.1000,Penicillins and their derivatives with a penicillanic acid structure; salts thereof
2941.2000,Streptomycins and their derivatives; salts thereof
2941.3000,Tetracyclines and their derivatives; salts thereof
2941.4000,Chloramphenicol and its derivatives; salts thereof
2941.5000,Erythromycin and its derivatives; salts thereof - Other
2941.9010,Cephalexin
2941.9020,Gramicid trycidine
2941.9030,Thricin
2941.9040,Cephradine oral
2941.9060,Cefixime in bulk
2941.9070,Ingredients for pesticides
2941.9090,Other
2942.0000,Other organic compounds
3001.2000,Extracts of glands or other organs or of their secretion
3001.9000,Other
3002.1200,Antisera and other blood fractions
3002.1300,"Immunological products, unmixed, not put up in measured doses or in forms or packings for retail sale"
3002.1400,"Immunological products, mixed, not put up in measured doses or in forms or packings for retail sale"
3002.1500,"Immunological products, put up in measured doses or in forms or packings for retail sale"
3002.4110,Tetanus toxide
3002.4120,For prevention of hepatitis-B
3002.4190,Other
3002.4200,Vaccines for veterinary medicine
3002.4900,"Other - Cell cultures, whether or not modified"
3002.5100,Cell therapy products
3002.5900,Other - Other
3002.9010,Human blood
3002.9020,Animal blood
3002.9030,Saxitoxin
3002.9040,Ricin
3002.9090,Other
3003.1000,"Containing pencillins or derivatives thereof, with a penicillanic acid structure, or streptomycins or their derivatives"
3003.2000,Other containing antibiotics - Other containing hormones or other products of heading
3003.3100,Containing insulin
3003.3900,"Other - Other, containing alkaloids or derivatives thereof"
3003.4100,Containing ephedrine or its salts
3003.4200,Containing pseudoephedrine (INN) or its salts
3003.4300,Containing norephedrine or its salts
3003.4900,Other
3003.6000,"Other, containing antimalarial active principles described in Subheading Note 2 to this Chapter"
3003.9010,"Unani, ayurvedic and other oriental type medicine"
3003.9020,Homeopathic medicines
3003.9090,Other
3004.1010,"Ampicillin, Amoxcillin and Cloxcillin capsules/ syrup"
3004.1090,Other
3004.2000,"Other, containing other antibiotics - Other, containing hormones or other products of heading"
3004.3100,Containing insulin
3004.3200,"Containing corticosteroid hormones, their derivatives or structural analogues"
3004.3900,"Other - Other, containing alkaloids or derivatives thereof"
3004.4100,Containing ephedrine or its salts
3004.4200,Containing pseudoephedrine (INN) or its salts
3004.4300,Containing norephedrine or its salts
3004.4900,"Other - Other, containing vitamins or other products of heading"
3004.5010,Cod liver oil
3004.5090,Other
3004.6000,"Other, containing antimalarial active principles described in Subheading Note 2 to this Chapter"
3004.9010,Unani ayurvedic and other oriental type medicine
3004.9020,Homeopathic medicines
3004.9030,"Dextrose and saline infusion solution, with infusion set"
3004.9040,"Dextrose and saline infusion solution, without saline infusion set"
3004.9050,Eye drops
3004.9060,"Ointments, medicinal"
3004.9070,"Aspirin, medicinal"
3004.9080,Sulpha drugs - - - Other
3004.9091,Cough syrups medicinal
3004.9092,Paracetamol
3004.9099,Other
3005.1010,Surgical tape in jumbo rolls
3005.1090,Other - Other
3005.9010,Acrynol pad
3005.9090,Other
3006.1010,Vascular grafts
3006.1090,Other
3006.3000,Opacifying preparations for X-ray examinations; diagnostic reagents designed to be administered to the patient
3006.4000,Dental cements and other dental fillings; bone reconstruction cements
3006.5000,First-aid boxes and kits
3006.6000,"Chemical contraceptive preparations based on hormones, on other products of heading 29.37 or on spermicides"
3006.7000,Gel preparations designed to be used in human or veterinary medicine as a lubricant for parts of the body for surgical operations or physical examinations or as a coupling agent between the body and medical instruments
3006.9100,Appliances identifiable for ostomy use
3006.9200,Waste pharmaceuticals
3006.9300,"Placebos and blinded (or double-blinded) clinical trial kits for a recognised clinical trial, put up in measured doses"
3101.0000,"Animal or vegetable fertilisers, whether or not mixed together or chemically treated; fertilisers produced by the mixing or chemical treatment of animal or vegetable products"
3102.1000,"Urea, whether or not in aqueous solution - Ammonium sulphate; double salts and mixtures of ammonium sulphate and ammonium nitrate"
3102.2100,Ammonium sulphate
3102.2900,Other
3102.3000,"Ammonium nitrate, whether or not in aqueous solution"
3102.4000,Mixtures of ammonium nitrate with calcium carbonate or other inorganic non-fertilising substances
3102.5010,Crude
3102.5090,Other
3102.6000,Double salts and mixtures of calcium nitrate and ammonium nitrate
3102.8000,Mixtures of urea and ammonium nitrate in aqueous or ammoniacal solution
3102.9000,"Other, including mixtures not specified in the foregoing subheadings"
3103.1100,Containing by weight 35 % or more of diphosphorus pentaoxide (P2O5)
3103.1900,Other
3103.9000,Other
3104.2000,Potassium chloride
3104.3000,Potassium sulphate
3104.9000,Other
3105.1000,Goods of this Chapter in tablets or similar forms or in packages of a gross weight not exceeding 10 kg
3105.2000,"Mineral or chemical fertilisers containing the three fertilising elements nitrogen, phosphorus and potassium"
3105.3000,Diammonium hydrogenorthophosphate (diammonium phosphate)
3105.4000,Ammoniumdihydrogen orthophosphate (monoammonium phosphate) and mixtures thereof with diammonium hydrogenorthophosphate (diammonium phosphate)
3105.5100,Containing nitrates and phosphates
3105.5900,Other
3105.6000,Mineral or chemical fertilisers containing the two fertilising elements phosphorus and potassium
3105.9000,Other
3201.1000,Quebracho extract
3201.2000,Wattle extract - Other
3201.9010,Acacia catechu (cutch)
3201.9020,Oak or chestnut extract
3201.9030,Gambier
3201.9090,Other
3202.1000,Synthetic organic tanning substances - Other
3202.9010,"Tanning substances, tanning preparations based on chromium sulphate"
3202.9090,Other
3203.0010,Obtained from acacia catechu (black cutch)
3203.0090,Other
3204.1110,Powdered
3204.1120,Liquid
3204.1190,Other
3204.1200,"Acid dyes, whether or not premetallised, and preparations based thereon; mordant dyes and preparations based thereon"
3204.1300,Basic dyes and preparations based thereon
3204.1400,Direct dyes and preparations based thereon - - Vat dyes (including those usable in that state as pigments) and preparations based thereon
3204.1510,Indigo blue
3204.1590,Other
3204.1600,Reactive dyes and preparations based thereon - - Pigments and preparations based thereon
3204.1710,Powdered
3204.1720,Liquid
3204.1790,Other
3204.1800,Carotenoid colouring matters and preparations based thereon
3204.1910,"Dyes, sulphur"
3204.1990,"Dyes, synthetic"
3204.2000,Synthetic organic products of a kind used as fluorescent brightening agents
3204.9000,Other
3205.0000,Colour lakes; preparations as specified in Note 3 to this Chapter based on colour lakes
3206.1100,Containing 80 % or more by weight of titanium dioxide calculated on the dry matter
3206.1900,Other - Pigments and preparations based on chromium compounds
3206.2010,Chrome yellow
3206.2090,Other - Other colouring matter and other preparations
3206.4100,Ultramarine and preparations based thereon - - Lithopone and other pigments and preparations based on zinc sulphide
3206.4210,Lithopone
3206.4290,Other - - Other
3206.4910,Master batches (coloured)
3206.4920,Pigments and peparations based on cadmium compounds
3206.4930,Pigments and preparations based on hexacyanoferrates (ferrocyanides and ferricyanides)
3206.4990,Other - Inorganic products of a kind used as luminophores
3206.5010,Flourescent powder
3206.5090,Inorganic products of a kind used as luminophores
3207.1010,Opacifiers
3207.1020,Ceramic Colours
3207.1090,Other
3207.2000,"Vitrifiable enamels and glazes, engobes (slips) and similar preparations"
3207.3000,"Liquid lusters and similar preparations - Glass frit and other glass, in the form of powder, granules or flakes"
3207.4010,Glass frit
3207.4090,Other
3208.1010,Varnishes
3208.1090,Other - Based on acrylic or vinyl polymers
3208.2010,Varnishes
3208.2090,Other - Other: - - - Based on polyamides
3208.9011,Varnishes
3208.9019,Other
3208.9020,Other varnishes
3208.9090,Other
3209.1010,Varnishes
3209.1090,Other - Other
3209.9010,"Lacquered blue, golden and silver"
3209.9090,Other
3210.0010,Distempers
3210.0020,Prepared water pigments of a kind used for finishing leather
3210.0090,Other
3211.0010,For leather
3211.0090,Other
3212.1000,Stamping foils - Other
3212.9010,Aluminium paste and powder
3212.9020,Pigments in paint or enamel media
3212.9030,Emitter paste for tube lights
3212.9090,Other
3213.1000,Colours in sets
3213.9000,Other
3214.1010,Glaziers putty (mastic based on oil)
3214.1020,Grafting putty (mastic based on wax)
3214.1030,Resin cements
3214.1050,Capping cement for bulbs and tube lights
3214.1090,Other - Other
3214.9010,Silicon sealant
3214.9090,Other
3215.1110,Rolling coating printing ink
3215.1120,Digital
3215.1130,Processed
3215.1190,Other - - Other
3215.1910,Flourescent ink
3215.1920,Digital
3215.1930,Processed
3215.1990,Other - Other
3215.9010,"Inks for ball points pens, fine liners and fibre tips"
3215.9090,Other
3301.1200,Of orange
3301.1300,Of lemon
3301.1900,Other - Essential oils other than those of citrus fruit
3301.2400,Of peppermint (Mentha piperita)
3301.2500,Of other mints - - Other
3301.2910,Of citronella
3301.2920,Of eucalyptus
3301.2990,Other
3301.3000,Resinoids - Other
3301.9010,Concentrates of essential oils
3301.9090,Other
3302.1010,Flavours for use in aerated beverages
3302.1020,Flavours and concentrates for use in food industry
3302.1090,Other - Other
3302.9010,Of a kind used in cosmetics industry
3302.9090,Other
3303.0010,Eau-de-cologne
3303.0020,Perfumes
3303.0090,Other
3304.1000,Lip make-up preparations
3304.2000,Eye make-up preparations - Manicure or pedicure preparations
3304.3010,Nail polish
3304.3090,"Other - Other: - - Powders, whether or not compressed"
3304.9110,Face powder
3304.9120,Talcum powder
3304.9190,Other - - Other
3304.9910,Face and skin creams and lotions
3304.9920,Tonics and skin food
3304.9990,Other
3305.1000,Shampoos
3305.2000,Preparations for permanent waving or straightening
3305.3000,Hair lacquers - Other
3305.9010,Cream for hair
3305.9020,Dyes for hair
3305.9090,Other
3306.1010,Tooth paste
3306.1090,Other
3306.2000,Yarn used to clean between the teeth (dental floss)
3306.9000,Other
3307.1000,"Pre-shave, shaving or after-shave preparations"
3307.2000,Personal deodorants and antiperspirants
3307.3000,"Perfumed bath salts and other bath preparations - Preparations for perfuming or deodorising rooms, including odoriferous preparations used during religious rites"
3307.4100,"""Agarbatti"" and other odoriferous perparations which operate by burning"
3307.4900,Other - Other
3307.9010,Contact lens solution
3307.9090,Other
3401.1100,For toilet use (including medicated products) - - Other
3401.1910,Baby wipes
3401.1990,Other
3401.2000,Soap in other forms
3401.3000,"Organic surface-active products and preparations for washing the skin, in the form of liquid or cream and put up for retail sale, whether or not containing soap"
3402.3100,Linear alkylbenzene sulphonic acids and their salts
3402.3900,"Other - Other organic surface-active agents, whether or not put up for retail sale : - - Cationic"
3402.4110,Pharmaceutical grade
3402.4120,Other than in retail packing
3402.4190,Other
3402.4200,Non-ionic - - Other
3402.4910,Cocoamidopropyl betaine (CAPB)
3402.4990,Other
3402.5000,Preparations put up for retail sale
3402.9000,Other
3403.1110,Of a kind used in the leather or like industires
3403.1120,Of a kind used in the paper or like industries - - - Of a kind used in the textile or like industries
3403.1131,Spin finish oil
3403.1139,Other
3403.1190,Other - - Other
3403.1910,Greases
3403.1990,"Other - Other: - - Preparations for the treatment of textile material, leather, furskins or other materials"
3403.9110,Of a kind used in the leather or like industires including fat liquors
3403.9120,Of a kind used in the paper or like industries - - - Of a kind used in the textile or like industries
3403.9131,Spin finish oil
3403.9139,Other
3403.9190,Other - - Other
3403.9910,Mould release preparations
3403.9990,Other
3404.2000,Of poly (oxyethylene) (polyethylene glycol) - Other
3404.9010,Sealing waxes
3404.9020,Of chemically modified lignite
3404.9030,Wax for wax jet engraver
3404.9040,Wax for fungicides
3404.9090,Other
3405.1010,For footwear
3405.1020,For leather
3405.2000,"Polishes, creams and similar preparations for the maintenance of wooden furniture, floors or other woodwork"
3405.3000,"Polishes and similar preparations for coachwork, other than metal polishes"
3405.4000,Scouring pastes and powders and other scouring preparations
3405.9000,Other
3406.0000,"Candles, tapers and the like"
3407.0010,Dental wax and other preparations for use in dentistry
3407.0090,Other
3501.1000,Casein
3501.9000,Other
3502.1100,Dried
3502.1900,Other
3502.2000,"Milk albumin, including concentrates of two or more whey proteins"
3502.9000,Other
3503.0010,Gelatin
3503.0020,Gelatin of pharmaceutical grade
3503.0090,Other
3504.0000,"Peptones and their derivatives; other protein substances and their derivatives, not elsewhere specified or included; hide powder, whether or not chromed"
3505.1010,Dextrins
3505.1020,Dextrins of pharmaceutical grade
3505.1090,Other - Glues
3505.2010,Starch based glues
3505.2020,Dextrin based glues
3505.2030,Printing gum (pre-gelatinized modified 0% starch for textile prining)
3505.2090,Other
3506.1000,"Products suitable for use as glues or adhesives, put up for retail sale as glues or adhesives, not exceeding a net weight of 1 kg"
3506.9110,Shoe adhesives
3506.9190,Other - - Other
3506.9910,Sealant having methyl ethyl ketone from 60 % to 70 % and ethyl acetate from 10 % to 20 %
3506.9990,Other
3507.1000,Rennet and concentrates thereof
3507.9000,Other
3601.0000,Propellent powders
3602.0000,"Prepared explosives, other than propellent powders"
3603.1000,Safety fuses
3603.2000,Detonating cords
3603.3000,Percussion caps
3603.4000,Detonating caps
3603.5000,Igniters
3603.6000,Electric detonators
3604.1000,Fireworks
3604.9000,Other
3605.0000,"Matches, other than pyrotechnic articles of heading"
3606.1000,Liquid or liquefied gas fuels in containers of a kind used for filling or refilling cigarette or similar lighters and of a capacity not exceeding 300cm3
3606.9000,Other
3701.1000,For X-ray
3701.2000,"Instant print film - Other plates and film, with any side exceeding 255 mm"
3701.3010,Of a kind used in textile printing
3701.3020,Photo polymers and CTP plates of a kind used in printing Of news papers and magazines
3701.3030,Presensitized printing plates
3701.3090,Other - Other
3701.9100,For colour photography (polychrome)
3701.9900,Other
3702.1000,"For X-ray - Other film, without perforations, of a width not exceeding 105 mm"
3702.3100,For colour photography (polychrome)
3702.3200,"Other, with silver halide emulsion"
3702.3900,"Other - Other film, without perforations, of a width exceeding 105 mm"
3702.4100,"Of a width exceeding 610 mm and of a length exceeding 200 m, for colour photography (polychrome)"
3702.4200,"Of a width exceeding 610 mm and of a length exceeding 200m, other than for colour photography"
3702.4300,Of a width exceeding 610 mm and of a length not exceeding 200 m
3702.4400,"Of a width exceeding 105 mm but not exceeding 610 mm - Other film, for colour photography (polychrome)"
3702.5200,Of a width not exceeding 16 mm
3702.5300,"Of a width exceeding 16 mm but not exceeding 35 mm and of a length not exceeding 30 m, for slides"
3702.5400,"Of a width exceeding 16 mm but not exceeding 35 mm and of a length not exceeding 30 m, other than for slides"
3702.5500,Of a width exceeding16 mm but not exceeding 35 mm and of a length exceeding 30 m
3702.5600,Of a width exceeding 35 mm - Other
3702.9600,Of a width not exceeding 35 mm and of a length not exceeding 30 mm
3702.9700,Of a width not exceeding 35 mm and of a length exceeding 30 mm
3702.9800,Of a width exceeding 35 mm
3703.1000,In rolls of a width exceeding 610 mm
3703.2000,Other for colour photography (polychrome)
3703.9000,Other
3704.0000,"Photographic plates, film, paper, paperboard and textiles, exposed but not developed"
3705.0000,"Photographic plates and film, exposed and developed, other than cinematographic film"
3706.1000,Of a width of 35 mm or more Rs. 5 per meter
3706.9000,Other Rs. 5 per meter
3707.1000,Sensitising emulsions
3707.9000,Other
3801.1000,Artificial graphite
3801.2000,Colloidal or semi-colloidal graphite
3801.3000,Carbonaceous pastes for electrodes and similar pastes for furnace linings
3801.9000,Other
3802.1000,Activated carbon
3802.9000,Other
3803.0000,"Tall oil, whether or not refined"
3804.0000,"Residual lyes from the manufacture of wood pulp, whether or not concentrated, desugared or chemically treated, including lignin sulphonates, but excluding tall oil of heading 38.03"
3805.1000,"Gum, wood or sulphate turpentine oils"
3805.9000,Other
3806.1010,Gum Rosin
3806.1090,Other
3806.2000,"Salts of rosin, of resin acids or of derivatives of rosin or resin acids, other than salts of rosin adducts"
3806.3000,Ester gums
3806.9000,Other
3807.0000,"Wood tar; wood tar oils; wood creosote; wood naphtha; vegetable pitch; brewers' pitch and similar preparations based on rosin, resin acids or on vegetable pitch"
3808.5210,Products registered under the Agricultural Pesticides Ordinance 1971
3808.5290,Other - - Other
3808.5910,Products registered under the Agricultural Pesticides Ordinance 1971
3808.5990,Other - Goods specified in Subheading Note 2 to this Chapter : - - In packings of a net weight content not exceeding 300 g
3808.6110,Products registered under the Agricultural Pesticides Ordinance 1971
3808.6190,Other - - In packings of a net weight content exceeding 300 g but not exceeding 7.5 kg
3808.6210,Products registered under the Agricultural Pesticides Ordinance 1971
3808.6290,Other - - Other
3808.6910,Products registered under the Agricultural Pesticides Ordinance 1971
3808.6990,Other - Other : - - Insecticides
3808.9110,"Mosquito coils, mats, aerosol sprays and the like"
3808.9120,Napthalene balls
3808.9130,Sex pheromone
3808.9140,PB rope L& LTT
3808.9150,Para dichlorobenzene blocks
3808.9170,Products registered under the Agricultural Pesticides Ordinance 1971
3808.9180,Phosphatic insecticides - - - Other
3808.9191,Emamectine benzoate
3808.9199,Other - - Fungicides
3808.9210,Products registered under the Agricultural Pesticides Ordinance 1971
3808.9220,For leather industry
3808.9290,"Other - - Herbicides, anti-sprouting products and plant-growth regulators"
3808.9310,Products registered under the Agricultural Pesticides Ordinance 1971
3808.9390,Other
3808.9400,Disinfectants - - Other
3808.9910,Products registered under the Agricultural Pesticides Ordinance 1971
3808.9990,Other
3809.1000,With a basis of amylaceous substances - Other: - - Of a kind used in the textile or like industries
3809.9110,Printing gum (preparation of modified starches with other gums having specific application in textile printing
3809.9190,Other
3809.9200,Of a kind used in the paper or like industries
3809.9300,Of a kind used in the leather or like industries
3810.1000,Pickling preparations for metal surfaces; soldering brazing or welding powders and pastes consisting of metal and other materials
3810.9010,Preparations of a kind used as cores or coatings for welding electrodes or rods
3810.9090,Other
3811.1100,Based on lead compounds
3811.1900,Other - Additives for lubricating oils
3811.2100,Containing petroleum oils or oils obtained from bituminous minerals
3811.2900,Other
3811.9000,Other
3812.1000,Prepared rubber accelerators
3812.2000,Compound plasticizers for rubber or plastics - Anti-oxidising preparations and other compound stabilisers for rubber or plastics
3812.3100,"Mixtures of oligomers of 2,2,4-trimethyl-1,2-dihydroquinoline (TMQ)"
3812.3900,Other
3813.0000,Preparations and charges for fire-extinguishers; charged fire-extinguishing grenades
3814.0000,"Organic composite solvents and thinners, not elsewhere specified or included; prepared paint or varnish removers"
3815.1100,With nickel or nickel compounds as the active substance
3815.1200,With precious metal or precious metal compounds as the active substance
3815.1910,Antimony triacetate
3815.1990,Other
3815.9000,Other
3816.0000,"Refractory cements, mortars, concretes and similar compositions, including dolomite ramming mix, other than products of heading 38.01"
3817.0000,"Mixed alkylbenzenes and mixed alkylnaphthalenes, other than those of heading 27. 07 or 29. 02"
3818.0000,"Chemical elements doped for use in electronics, in the form of discs, wafers or similar forms; chemical compounds doped for use in electronics"
3819.0010,Hydraulic brake fluids
3819.0090,Other
3820.0000,Anti-freezing preparations and prepared de-icing fluids
3821.0000,"Prepared culture media for the development or maintenance of micro-organisms (including viruses and the like) or of plant, human or animal cells"
3822.1100,For malaria
3822.1200,For Zika and other diseases transmitted by mosquitoes of the genus Aedes
3822.1300,For blood-grouping
3822.1900,Other
3822.9000,Other
3823.1100,Stearic acid
3823.1200,Oleic acid
3823.1300,Tall oil fatty acids - - Other
3823.1910,Palm fatty acid distillate
3823.1920,Palm acid oil
3823.1930,Fatty acid distillate
3823.1990,Other
3823.7000,Industrial fatty alcohols
3824.1000,Prepared binders for foundry moulds or cores
3824.3000,Non-agglomerated metal carbides mixed together or with metallic binders
3824.4000,"Prepared additives for cements, mortars or concretes"
3824.5000,Non-refractory mortars and concretes
3824.6000,Sorbitol other than that of subheading No. 2905.44 - Goods specified in Subheading Note 3 to this Chapter
3824.8100,Containing oxirane (ethylene oxide)
3824.8200,"Containing polychlorinated biphenyls (PCBs), polychlorinated terphenyls (PCTs) or polybrominated biphenyls (PBBs)"
3824.8300,"Containing tris(2,3-dibromopropyl) phosphate"
3824.8400,"Containing aldrin (ISO), camphechlor (ISO) (toxaphene), chlordane (ISO), chlordecone (ISO), DDT (ISO) (clofenotane (INN), 1,1,1-trichloro-2,2-bis(p - chlorophenyl)ethane), dieldrin (ISO, INN), endosulfan (ISO),"
3824.8500,"Containing 1,2,3,4,5,6-hexachlorocyclohexane (HCH (ISO)), including lindane (ISO, INN)"
3824.8600,Containing pentachlorobenzene (ISO) or hexachlorobenzene (ISO)
3824.8700,"Containing perfluorooctane sulphonic acid, its salts, perfluorooctane sulphonamides, or perfluorooctane sulphonyl fluoride"
3824.8800,"Containing tetra-, penta-, hexa-, hepta-or octabromodiphenyl ethers"
3824.8900,Containing short-chain chlorinated paraffins - Other
3824.9100,"Mixtures and preparations consisting mainly of (5-ethyl-2-methyl-2-oxido-1,3,2-dioxaphosphinan-5-yl)methyl methyl methylphosphonate and bis[(5-ethyl-2-methyl-2-oxido-1,3,2-dioxaphosphinan-5-yl)methyl] methylphosphonate"
3824.9200,Polyglycol esters of methylphosphonic acid - - Other
3824.9910,Gum base of a kind used for manufacture of chewing gum
3824.9920,Ion exchangers
3824.9930,Prepared binders
3824.9940,Anti-scaling compounds
3824.9950,Stencil correctors and other correcting fluids
3824.9960,Preparations for electroplating
3824.9970,Dialysis bath concentrate in liquid or powder form
3824.9980,Chloroparaffins liquid - - - Other
3824.9991,Preparations of a kind used for water purification
3824.9992,Carburizing preparations of a kind used for hardening of steel
3824.9993,Coated or treated calcium carbonate
3824.9994,Carboxylic acid based anhydride hardener
3824.9995,"Substances controlled under the Convention on the Prohibition of the Development , Production, Stock piling and use of Chemical Weapons and on their Destruction"
3824.9996,Mixture of argon and neon gases
3824.9997,Salts of stearic acid other than alkali salts e.g. zinc stearate; calcium stearate
3824.9999,Other
3825.1000,Municipal waste
3825.2000,Sewage sludge
3825.3000,Clinical waste - Waste organic solvents
3825.4100,Halogenated
3825.4900,Other
3825.5000,"Wastes of metal pickling liquors, hydraulic fluids, brake fluids and anti-freeze fluids"
3825.6100,Mainly containing organic constituents
3825.6900,Other
3825.9000,Other
3826.0000,"Biodiesel and mixtures thereof, not containing or containing less than 70 %by weight of petroleum oils or oils obtained from bituminous minerals"
3827.1100,"Containing chlorofluorocarbons (CFCs), whether or not Containing hydrochlorofluorocarbons (HCFCs), perfluorocarbons (PFCs) or hydrofluorocarbons (HFCs)"
3827.1200,Containing hydrobromofluorocarbons (HBFCs)
3827.1300,Containing carbon tetrachloride
3827.1400,"Containing 1,1,1-trichloroethane (methyl chloroform)"
3827.2000,"Containing bromochlorodifluoromethane (Halon-1211), bromotrifluoromethane (Halon-1301) or dibromotetrafluoroethanes (Halon-2402)"
3827.3100,Containing substances of subheadings 2903.41 to 2903.48
3827.3200,"Other, containing substances of subheadings 2903.71 to 2903.75"
3827.3900,Other
3827.4000,Containing methyl bromide (bromomethane) or bromochloromethane
3827.5100,Containing trifluoromethane (HFC-23)
3827.5900,Other - Containing other hydrofluorocarbons (HFCs) but not containing chlorofluorocarbons (CFCs) or hydrochlorofluorocarbons (HCFCs)
3827.6100,"Containing 15 % or more by mass of 1,1,1-trifluoroethane (HFC-143a)"
3827.6200,"Other, not included in the subheading above, containing 55 % or more by mass of pentafluoroethane (HFC-125) but not containing unsaturated fluorinated derivatives of acyclic hydrocarbons (HFOs)"
3827.6300,"Other, not included in the subheadings above, containing 40 % or more by mass of pentafluoroethane (HFC-125)"
3827.6400,"Other, not included in the subheadings above, containing 30 % or more by mass of 1,1,1,2-tetrafluoroethane (HFC-134a) but not containing unsaturated fluorinated derivatives of acyclic hydrocarbons (HFOs)"
3827.6500,"Other, not included in the subheadings above, containing 20 % or more by mass of difluoromethane (HFC-32) and 20 % or more by mass of pentafluoroethane (HFC-125)"
3827.6800,"Other, not included in the subheadings above, containing substances of subheadings 2903.41 to 2903.48"
3827.6900,Other
3827.9000,Other I.- PRIMARY FORMS
3901.1000,Polyethylene having a specific gravity of less than 0.94
3901.2000,Polyethylene having a specific gravity of 0.94 or more
3901.3000,Ethylene-Vinyl acetate copolymers
3901.4000,"Ethylene-alpha-olefin copolymers, having a specific gravity of less than 0.94"
3901.9000,Other
3902.1000,Polypropylene
3902.2000,Polyisobutylene
3902.3000,Propylene copolymers
3902.9000,Other
3903.1100,Expansible - - Other
3903.1910,General Purpose Polystyrene (GPPS)
3903.1920,High Impact Polystyrene (HIPS)
3903.1990,Other
3903.2000,Styrene-acrylonitrile (SAN) copolymers
3903.3000,Acrylonitrile-butadiene-styrene (ABS) copolymers - Other
3903.9010,Styrene acrylic emulsion
3903.9090,Other
3904.1010,Emulsion grade
3904.1090,Other - Other poly(vinyl chloride)
3904.2100,Non-plasticised
3904.2200,Plasticised
3904.3000,Vinyl chloride-vinyl acetate copolymers
3904.4000,Other vinyl chloride copolymers
3904.5000,Vinylidene chloride polymers - Fluoro-polymers
3904.6100,Polytetrafluoroethylene
3904.6900,Other
3904.9000,Other
3905.1200,In aqueous dispersion
3905.1900,Other - Vinyl acetate copolymers
3905.2100,In aqueous dispersion
3905.2900,Other
3905.3000,"Poly(vinyl alcohol), whether or not containing unhydrolysed acetate groups"
3905.9100,Copolymers - - Other
3905.9910,Ethers polyvinyl
3905.9990,Other
3906.1000,Poly(methyl methacrylate) - Other
3906.9010,Cyanoacrylate
3906.9020,Acrylic binders
3906.9030,Pigment thickener
3906.9040,Dispersing agent and acrylic thickeners
3906.9090,Other
3907.1000,Polyacetals - Other polyethers
3907.2100,Bis(polyoxyethylene) methylphosphonate - - Other
3907.2910,Polyol blended with HCFC-141b or HCFC-142b
3907.2990,Other
3907.3000,Epoxide resins
3907.4000,Polycarbonates
3907.5000,Alkyd resins - Poly (ethylene terephthalate): - - Having a viscosity number of 78 ml/g or higher
3907.6110,Yarn and film grades
3907.6120,Bottle grade
3907.6190,Other - - Other
3907.6910,Yarn and film grades
3907.6920,Bottle grade
3907.6990,Other
3907.7000,Poly(lactic acid) - Other polyesters
3907.9100,Unsaturated
3907.9900,Other
3908.1000,"Polyamide-6, - 11, - 12, - 6, 6, - 6, 9, - 6, 10 or - 6, 12"
3908.9000,Other
3909.1010,Urea formaldehyde moulding compound
3909.1090,Other
3909.2000,Melamine resins - Other amino-resins
3909.3100,"Poly(methylene phenyl isocyanate) (crude MDI, polymeric MDI)"
3909.3900,Other
3909.4000,Phenolic resins
3909.5000,Polyurethanes
3910.0000,Silicones in primary forms
3911.1010,Petroleum resins
3911.1090,Other
3911.2000,"Poly(1,3-phenylene methylphosphonate)"
3911.9000,Other
3912.1100,Non-plasticised
3912.1200,Plasticised - Cellulose nitrates (including collodions)
3912.2010,Cellulose nitrates nonplasticised
3912.2020,Nitrocellulose binder
3912.2090,Other - Cellulose ethers
3912.3100,Carboxymethylcellulose and its salts
3912.3900,Other
3912.9000,Other
3913.1000,"Alginic acids, its salts and esters - Other"
3913.9010,Protein hardened
3913.9090,Other
3914.0010,Ion-exchangers of condensation type
3914.0020,"Ion-exchangers of the polymerization type II.- WASTE, PARINGS AND SCRAP; SEMI-MANUFACTURES; ARTICLES"
3915.1000,Of polymers of ethylene
3915.2000,Of polymers of styrene
3915.3000,Of polymers of vinyl chloride
3915.9000,Of other plastics
3916.1000,Of polymers of ethylene
3916.2000,Of polymers of vinyl chloride
3916.9000,Of other plastics
3917.1000,Artificial guts (sausage casings) of hardened protein or of cellulosic materials
3917.2100,Of polymers of ethylene
3917.2200,Of polymers of propylene - - Of polymers of vinyl chloride
3917.2310,Heat shrinkable sleeves and tubes of a dia not exceeding 100 mm
3917.2390,Other
3917.2900,"Of other plastics - Other tubes, pipes and hoses"
3917.3100,"Flexible tubes, pipes and hoses, having a minimum burst pressure of 27.6 MPa"
3917.3200,"Other, not reinforced or otherwise combined with other materials, without fittings"
3917.3300,"Other, not reinforced or otherwise combined with other materials, with fittings"
3917.3910,Heat shrinkable sleeves and tubes
3917.3990,Other
3917.4000,Fittings
3918.1000,Of polymers of vinyl chloride
3918.9000,Of other plastics
3919.1010,Double sided tape
3919.1020,PVC electric insulation tapes
3919.1030,Stationery tape
3919.1090,Other - Other
3919.9010,Oriented Polypropylene (OPP) packing tapes
3919.9020,PVC electric insulation tapes in logs exceeding 100 cm
3919.9090,Other
3920.1010,Mineral filled film of Polyolefins for aseptic liquid food packaging
3920.1090,Other - Of polymers of propylene
3920.2010,"Biaxially Oriented Polypropylene (BOPP) film, plain"
3920.2020,"Biaxially Oriented Polypropylene (BOPP) film, printed"
3920.2030,"Biaxially Oriented Polypropylene (BOPP) film, metallized"
3920.2040,"Biaxially Oriented Polypropylene (BOPP) film, laminated"
3920.2090,Other
3920.3000,Of polymers of styrene - Of polymers of vinyl chloride
3920.4300,Containing by weight not less than 6 % of plasticisers - - Other
3920.4910,Polyvinyl Chloride (PVC) Rigid film
3920.4990,Other - Of acrylic polymers
3920.5100,Of poly(methyl methacrylate)
3920.5900,"Other - Of polycarbonates, alkyd resins, polyallyl esters or other polyesters"
3920.6100,Of polycarbonates
3920.6200,Of poly(ethylene terephthalate) - - Of unsaturated polyesters
3920.6310,Polyester rigid film
3920.6390,Other
3920.6900,Of other polyesters - Of cellulose or its chemical derivatives
3920.7100,Of regenerated cellulose
3920.7300,Of cellulose acetate
3920.7900,Of other cellulose derivatives - Of other plastics
3920.9100,Of poly(vinyl butyral)
3920.9200,Of polyamides
3920.9300,Of amino resins
3920.9400,Of phenolic resins
3920.9900,Of other plastics
3921.1100,Of polymers of styrene
3921.1200,Of polymers of vinyl chloride
3921.1300,Of polyurethanes
3921.1400,Of regenerated cellulose
3921.1900,Of other plastics - Other
3921.9010,"Of polyethylene, foamed and bridged, having a specific gravity of 0.032 to 0.042 g/cm3"
3921.9090,Other
3922.1000,"Baths, shower-baths, sinks and wash-basins"
3922.2000,Lavatory seats and covers
3922.9000,Other
3923.1000,"Boxes, cases, crates and similar articles - Sacks and bags (including cones)"
3923.2100,of polymers of ethylene
3923.2900,"Of other plastics - Carboys, bottles, flasks and similar articles"
3923.3010,Bottles
3923.3090,Other
3923.4000,"Spools, cops, bobbins and similar supports"
3923.5000,"Stoppers, lids, caps and other closures - Other"
3923.9010,Preforms made from polyethylene terephthalate
3923.9090,Other
3924.1000,Tableware and kitchenware
3924.9000,Other
3925.1000,"Reservoirs, tanks, vats and similar containers, of a capacity exceeding 300l"
3925.2000,"Doors, windows and their frames and thresholds for doors"
3925.3000,"Shutters, blinds (including Venetian blinds) and similar articles and parts thereof"
3925.9000,Other
3926.1000,"Office or school supplies - Articles of apparel and clothing accessories (including gloves, mittens and mitts)"
3926.2010,Plastic belts
3926.2090,Other
3926.3000,"Fittings for furniture, coachwork of the like - Statuettes and other ornamental articles"
3926.4010,Ornamental articles of plastics
3926.4020,Plastic bangles
3926.4030,Spangles of plastics
3926.4040,Plastic beads
3926.4090,Other - Other
3926.9010,Synthetic floats for fishing nets
3926.9020,Coils of plastics (contraceptives and accessories therefor)
3926.9030,"Transmission, conveyor or elevator belts"
3926.9040,Laboratory ware
3926.9050,Urine bags
3926.9060,Shoe lasts
3926.9070,"Design patterns, cards for textile and leather garments - - - Other"
3926.9091,Plastic tags and staples for garments
3926.9099,Other
4001.1000,"Natural rubber latex, whether or not pre-vulcanised - Natural rubber in other forms"
4001.2100,Smoked sheets
4001.2200,Technically specified natural rubber (TSNR)
4001.2900,Other
4001.3000,"Balata, gutta-percha, guayule, chicle and similar natural gums"
4002.1100,Latex
4002.1900,Other
4002.2000,Butadiene rubber (BR) - Isobutene-isoprene (butyl) rubber (IIR); halo-isobutene-isoprene rubber (CIIR or BIIR)
4002.3100,Isobutene-isoprene (butyl) rubber (IIR)
4002.3900,Other - Chloroprene (chlorobutadiene) rubber (CR)
4002.4100,Latex
4002.4900,Other - Acrylonitrile-butadiene rubber (NBR)
4002.5100,Latex
4002.5900,Other
4002.6000,Isoprene rubber (IR)
4002.7000,Ethylenepropylene non-conjugated diene rubber (EPDM)
4002.8000,Mixtures of any product of heading 40.01 with any product of this heading
4002.9100,Latex
4002.9900,Other
4003.0000,"Reclaimed rubber in primary forms or in plates, sheets or strip"
4004.0010,Bagomatic bladder scrap
4004.0020,Shredded tyre scrap (cut into pieces)
4004.0090,Other
4005.1010,Plates
4005.1020,Sheets
4005.1090,Other
4005.2000,Solutions; dispersions other than those of subheading 4005.10
4005.9100,"Plates, sheets and strip"
4005.9900,Other
4006.1000,"""Camel-back"" strips for retreading rubber tyres"
4006.9000,Other
4007.0010,Single cord
4007.0090,Other
4008.1110,"Weather strips for doors, glass and luggage compartments for Vehicles of heading 87.03 and vehicles of sub - heading 8704.3130, 8704.2190 and 8704.3190 except weather strip moulding (inner or outer) for glass"
4008.1190,Other - - Other
4008.1910,"Weather strips for doors, glass and luggage compartments for Vehicles of heading 87.03 and vehicles of sub - heading 8704.3130, 8704.2190 and 8704.3190 except weather strip moulding (inner or outer) for glass"
4008.1990,"Other - Of non-cellular rubber: - - Plates, sheets and strip"
4008.2110,"Weather strips for doors, glass and luggage compartments for Vehicles of heading 87.03 and vehicles of sub - heading 8704.3130, 8704.2190 and 8704.3190 except weather strip moulding (inner or outer) for glass"
4008.2190,Other - - Other
4008.2910,"Weather strips for doors, glass and luggage compartments for Vehicles of heading 87.03 and vehicles of sub - heading 8704.3130, 8704.2190 and 8704.3190 except weather strip moulding (inner or outer) for glass"
4008.2990,Other
4009.1110,Following components for vehicles of chapter 87:- (1) Air cleaner hoses and water cooling system hoses (except turbo system hoses) for vehicles of sub - heading
4009.1120,"Following components for vehicles of chapter 87:- (1) Water hoses for engine cooling system and heater, air cleaner hoses and Brake oil reservoir hose for vehicles of heading 87.03 and vehicles of sub – heading 8704.2190,"
4009.1130,Other for motor cars and vehicles
4009.1190,Other
4009.1200,With fittings - Reinforced or otherwise combined only with metal : - - Without fittings
4009.2110,Following components for vehicles of chapter 87:- 1) Air cleaner hoses and water cooling system hoses (except turbo system hoses) for vehicles of sub - heading
4009.2120,"Following components for vehicles of chapter (1) Water hoses for engine cooling system and heater, air cleaner hoses and Brake oil reservoir hose for vehicles of heading 87.03 and vehicles of sub – heading 8704.2190,"
4009.2130,Other motor cars and vehicles
4009.2190,Other
4009.2200,With fittings - Reinforced or otherwise combined only with textile materials : - - Without fittings
4009.3110,Following components for vehicles of chapter 87:- (1) Air cleaner hoses and water cooling system hoses (except turbo system hoses) for vehicles of sub - heading
4009.3120,"Water hoses for engine cooling system and heater, air cleaner hoses and Brake oil reservoir hose for vehicles of heading 87.03 and vehicles of sub – heading 8704.2190,"
4009.3130,For other motor cars and vehicles
4009.3190,Other
4009.3200,With fittings - Reinforced or otherwise combined with other materials : - - Without fittings
4009.4110,Following components for vehicles of chapter 87:- (1) Air cleaner hoses and water cooling system hoses (except turbo system hoses) for vehicles of sub - heading
4009.4120,"Following components for vehicles of chapter 87 :- (1) Water hoses for engine cooling system and heater, air cleaner hoses and Brake oil reservoir hose for vehicles of heading 87.03 and vehicles of sub – heading 8704.2190,"
4009.4130,For other motor cars and vehicles
4009.4190,Other
4009.4200,With fittings
4010.1100,Reinforced only with metal
4010.1200,Reinforced only with textile materials
4010.1900,"Other - Transmission belts or belting: - - Endless transmission belts of trapezoidal cross-section (V-belts), V-ribbed, of an outside circumference exceeding"
4010.3110,For vehicles of chapter 87
4010.3190,"Other - - Endless transmission belts of trapezoidal cross-section (V-belts), other than V-ribbed, of an outside circumference exceeding 60 cm but not exceeding 180 cm"
4010.3210,For vehicles of chapter 87
4010.3290,"Other - - Endless transmission belts of trapezoidal cross-section (V-belts), V-ribbed, of an outside circumference exceeding 180 cm but not exceeding 240 cm"
4010.3310,For vehicles of chapter 87
4010.3390,"Other - - Endless transmission belts of trapezoidal cross-section (V-belts), other than V-ribbed, of an outside circumference exceeding 180 cm but not exceeding 240 cm"
4010.3410,For vehicles of chapter 87
4010.3490,"Other - - Endless synchronous belts, of an outside circumference exceeding 60 cm but not exceeding 150 cm"
4010.3510,Timing belts for vehicles of chapter 87
4010.3590,"Other - - Endless synchronous belts, of an outside circumference exceeding 150 cm but not exceeding 198 cm"
4010.3610,Timing belts for vehicles of chapter 87
4010.3690,Other - - Other
4010.3910,Timing belts for vehicles of chapter 87
4010.3990,Other
4011.1000,Of a kind used on motor cars (including station wagons and racing cars)
4011.2011,Radial
4011.2019,Other - - - Other
4011.2091,Radial
4011.2099,Other
4011.3000,Of a kind used on aircraft
4011.4000,Of a kind used on motorcycles
4011.5000,Of a kind used on bicycles
4011.7000,Of a kind used on agricultural or forestry vehicles and machines
4011.8000,"Of a kind used on construction, mininging or industrial handling vehicles and machines"
4011.9010,Of a kind used on rickshaw
4011.9090,Other
4012.1100,Of a kind used on motor cars (including station wagons and racing cars)
4012.1200,Of a kind used on buses or lorries
4012.1300,Of a kind used on aircraft
4012.1900,Other
4012.2000,Used pneumatic tyres - Other
4012.9010,"Flaps for use with tyres / tubes for vehicles of sub - heading 8701.2020, 8701.2040, 8701.2090, and 8704.2219"
4012.9020,"Rim flaps, mud flaps / guards and rubber mouldings (except packing rubber and rubber for on / off switch) for vehicles of heading 87.11"
4012.9090,Other
4013.1010,"Of a kind used on buses, lorries or trucks"
4013.1020,Of a kind used on motor cars
4013.1090,Other
4013.2000,Of a kind used on bicycles - Other
4013.9010,Of a kind used on agricultural tractors
4013.9020,Of a kind used on motor cycles
4013.9030,Of a kind used on jeeps
4013.9090,Other
4014.1000,Sheath contraceptives
4014.9000,Other
4015.1200,"Of a kind used for medical, surgical, dental or veterinary purposes"
4015.1900,Other
4015.9000,Other
4016.1020,Stopper
4016.1090,Other - Other
4016.9100,Floor coverings and mats - - Erasers
4016.9210,Tip Eraser
4016.9290,"Other - - Gaskets, washers and other seals"
4016.9310,Gaskets of rubber
4016.9320,Washers and other seals of rubber
4016.9330,Special rubber seals for barrage gates with minimum tensile strength of 210 kg/ sq.cm and shore hardness duromter (type A) 60 to 70 with floro carbon coating
4016.9390,Other
4016.9400,"Boat or dock fenders, whether or not inflatable"
4016.9500,Other inflatable articles - - Other
4016.9910,Printing blankets
4016.9920,"Following component for vehicles of chapter 87:- (1) Cushion / pad sub - assembly for cabin mounting rear member, for vehicles of sub - heading 8704.2219"
4016.9930,"Following component for vehicles of chapter 87:- (1) Articles for mounting silencers, exhaust pipes and mufflers for vehicles of heading 87.03 and vehicles of sub-headings 8704.2190, 8704.3130 and 8704.3190"
4016.9940,For other motor cars and vehicles
4016.9950,Bush Rubber for Rear Shocks for vehicle of heading
4016.9990,Other
4017.0000,"Hard rubber (for example, ebonite) in all forms, including waste and scrap; articles of hard rubber"
4101.2000,"Whole hides and skins,unsplit, of a weight per skin not exceeding 8 kg when simply dried, 10 kg when dry-salted, or 16 kg when fresh, wet-salted or otherwise preserved"
4101.5010,"Hides, buffalo"
4101.5020,"Hides, cow"
4101.5090,Other
4101.9000,"Other, including butts, bends and bellies"
4102.1010,Lamb skins
4102.1020,Sheep skins - Without wool on: - - Pickled
4102.2110,Lamb skins without wool
4102.2120,Sheep skins without wool
4102.2900,Other
4103.2000,Of reptiles
4103.3000,Of swine - Other
4103.9010,Goat skins
4103.9020,Kids skins
4103.9090,Other
4104.1100,"Full grains, unsplit; grain splits"
4104.1900,Other - In the dry state (crust)
4104.4100,"Full grains, unsplit; grain splits"
4104.4900,Other
4105.1000,In the wet state (including wet-blue)
4105.3000,In the dry state (crust)
4106.2100,In the wet state (including wet-blue)
4106.2200,In the dry state (crust) - Of swine
4106.3100,In the wet state (including wet-blue)
4106.3200,In the dry state (crust)
4106.4000,Of reptiles - Other
4106.9100,In the wet state (including wet-blue)
4106.9200,In the dry state (crust)
4107.1100,"Full grains, unsplit"
4107.1200,Grain splits
4107.1900,"Other - Other, including sides"
4107.9100,"Full grains, unsplit"
4107.9200,Grain splits
4107.9900,Other
4112.0000,"Leather further prepared after tanning or crusting, including parchment-dressed leather, of sheep or lamb, without wool on, whether or not split, other than leather of heading 41.14"
4113.1000,Of goats or kids
4113.2000,Of swine
4113.3000,Of reptiles
4113.9000,Other
4114.1000,Chamois (including combination chamois) leather
4114.2000,Patent leather and patent laminated leather; metallised leather
4115.1000,"Composition leather with a basis of leather or leather fibre, in slabs, sheets or strip, whether or not in rolls"
4115.2000,"Parings and other waste of leather or of composition leather, not suitable for the manufacture of leather articles; leather dust, powder and flour"
4201.0000,"Saddlery and harness for any animal (including traces, leads, knee pads, muzzles, saddle cloths, saddle bags, dog coats and the like), of any material"
4202.1120,"Suit-cases, of leather or composition leather"
4202.1190,Other - - With outer surface of plastics or of textile materials
4202.1210,Travelling bags of plastics or textile materials
4202.1220,Suit cases of plastics or textile materials
4202.1290,Other
4202.1900,"Other - Handbags, whether or not with shoulder strap, including those without handle"
4202.2100,With outer surface of leather or of composition leather
4202.2200,With outer surface of sheeting of plastics or of textile materials
4202.2900,Other - Articles of a kind normally carried in the pocket or in the handbag
4202.3100,With outer surface of leather or of composition leather
4202.3200,With outer surface of sheeting of plastics or of textile materials
4202.3900,Other - Other
4202.9100,With outer surface of leather or of composition leather
4202.9200,With outer surface of sheeting of plastics or of textile materials
4202.9900,Other
4203.1010,"Jackets, leather or of composition leather"
4203.1020,Trouser leather
4203.1030,"Coats, leather or of composition leather"
4203.1090,"Other - Gloves, mittens and mitts"
4203.2100,Specially designed for use in sports - - Other
4203.2910,Gloves leather fancy
4203.2920,Gloves leather industrial
4203.2930,Mittens and mitts of leather
4203.2990,Other
4203.3000,Belts and bandoliers
4203.4000,Other clothing accessories
4205.0011,Belting conveyor
4205.0012,Belting machine
4205.0013,Belting transmission
4205.0014,Gas kits of leather
4205.0015,Hosepiping leather
4205.0016,Pickers leather
4205.0017,Washer leather
4205.0019,Other
4205.0090,Other
4206.0000,"Articles of gut (other than silk-worm gut), of goldbeater's skin, of bladders or of tendons"
4301.1000,"Of mink, whole, with or without head, tail or paws"
4301.3000,"Of lamb, the following: Astrakhan, Broadtail, Caracul, Persian and similar lamb, Indian, Chinese, Mongolian or Tibetan lamb, whole, with or without head, tail or paws"
4301.6000,"Of fox, whole, with or without head, tail or paws"
4301.8000,"Other furskins, whole, with or without head, tail or paws"
4301.9000,"Heads, tails, paws and other pieces or cuttings, suitable for furriers' use"
4302.1100,Of mink - - Other
4302.1910,Leather shearling-finished leather with wool
4302.1990,Other
4302.2000,"Heads, tails, paws and other pieces or cuttings, not assembled"
4302.3000,"Whole skins and pieces or cuttings thereof, assembled"
4303.1000,Articles of apparel and clothing accessories
4303.9000,Other
4304.0000,Artificial fur and articles thereof
4401.1100,Coniferous
4401.1200,Non-coniferous - Wood in chips or particles
4401.2100,Coniferous
4401.2200,"Non-coniferous - Sawdust and wood waste and scrap, agglomerated in logs, briquettes, pellets or similar forms"
4401.3100,Wood pellets
4401.3200,Wood briquettes
4401.3900,"Other - Sawdust and wood waste and scrap, not agglomerated"
4401.4100,Sawdust
4401.4900,Other
4402.1000,Of bamboo
4402.2000,Of shell or nut
4402.9000,Other
4403.1100,Coniferous
4403.1200,"Non-coniferous - Other, coniferous"
4403.2100,"Of pine (Pinus spp. ), of which the smallest cross-sectional dimension is 15 cm or more"
4403.2200,"Of pine (Pinus spp. ), other"
4403.2300,"Of fir (Abies spp. ) and spruce (Picea spp. ), of which the smallest cross-sectional dimension is 15 cm or more"
4403.2400,"Of fir (Abies spp .) and spruce (Picea spp .), other"
4403.2500,"Other, of which the smallest cross-sectional dimension is 15 cm or more"
4403.2600,"Other - Other, of tropical wood"
4403.4100,"Dark Red Meranti, Light Red Meranti and Meranti Bakau"
4403.4200,Teak - - Other
4403.4910,Sawlogs and veneer logs of non-coniferous species
4403.4990,Other - Other
4403.9100,Of oak (Quercus spp. )
4403.9300,"Of beech (Fagus spp .), of which the smallest cross-sectional dimension is 15 cm or more"
4403.9400,"Of beech (Fagus spp.) , other"
4403.9500,"Of birch (Betula spp .), of which the smallest cross-sectional dimension is 15 cm or more"
4403.9600,"Of birch (Betula spp.) , other"
4403.9700,Of poplar and aspen (Populus spp.)
4403.9800,Of eucalyptus (Eucalyptus spp.)
4403.9900,Other
4404.1000,Coniferous
4404.2000,Non-coniferous
4405.0000,Wood wool; wood flour
4406.1100,Coniferous
4406.1200,Non-coniferous - Other
4406.9100,Coniferous
4406.9200,Non-coniferous
4407.1100,Of pine (Pinus spp. )
4407.1200,Of fir (Abies spp. ) and spruce (Picea spp.)
4407.1300,"Of S-P-F (spruce (Picea spp. ), pine (Pinus spp .) and fir (Abies spp. ))"
4407.1400,Of Hem-fir (Western hemlock ( Tsuga heterophylla ) and fir (Abies spp .))
4407.1900,Other - Of tropical wood
4407.2100,Mahogany (Swietenia spp. )
4407.2200,"Virola, Imbuia and Balsa"
4407.2300,Teak
4407.2500,"Dark Red Meranti, Light Red Meranti and Meranti Bakau"
4407.2600,"White Lauan, White Meranti, White Seraya, Yellow Meranti and Alan"
4407.2700,Sapelli
4407.2800,Iroko
4407.2900,Other - Other
4407.9100,Of oak (Quercus spp. )
4407.9200,Of beech (Fagus spp. )
4407.9300,Of maple (Acer spp. )
4407.9400,Of cherry (Prunus spp. )
4407.9500,Of ash (Fraxinus spp. )
4407.9600,Of birch (Betula spp. )
4407.9700,Of poplar and aspen (Populus spp. )
4407.9900,Other
4408.1000,Coniferous - Of tropical wood
4408.3100,"Dark Red Meranti, Light Red Meranti and Meranti Bakau"
4408.3900,Other - Other
4408.9010,Wood slate
4408.9090,Other
4409.1000,Coniferous - Non-coniferous
4409.2100,of bamboo
4409.2200,of tropical wood
4409.2900,Other
4410.1100,Particle board - - Oriented strand board (OSB)
4410.1210,Unworked or not further worked than sanded
4410.1290,Other
4410.1900,Other
4410.9000,Other
4411.1200,Of a thickness not exceeding 5 mm
4411.1300,Of a thickness exceeding 5 mm but not exceeding mm
4411.1400,Of a thickness exceeding 9 mm - Other
4411.9200,Of a density exceeding 0.8 g/cm2 - - Of a density exceeding 0.5 g/cm2 but not exceeding 0.8 g/cm2
4411.9310,Not mechanically worked or surface covered
4411.9390,Other
4411.9400,Of a density not exceeding 0.5 g/cm2
4412.1000,"Of bamboo - Other plywood, consisting solely of sheets of wood (other than bamboo), each ply not exceeding 6 mm thickness"
4412.3100,With at least one outer ply of tropical wood
4412.3300,"Other, with at least one outer ply of non-coniferous wood of the species alder (Alnus spp. ), ash (Fraxinus spp. ), beech (Fagus spp. ), birch (Betula spp. ), cherry (Prunus spp .), chestnut (Castanea spp. ), elm (Ulmus spp. ),"
4412.3400,"Other, with at least one outer ply of non-coniferous wood not specified under subheading 4412.33"
4412.3900,"Other, with both outer plies of coniferous wood - Laminated veneered lumber (LVL)"
4412.4100,With at least one outer ply Of tropical Wood
4412.4200,"Other, With at least one outer ply Of non-coniferous Wood"
4412.4900,"Other, With both outer plies Of coniferous Wood - Blockboard, laminboard and battenboard"
4412.5100,With at least one outer ply Of tropical Wood
4412.5200,"Other, With at least one outer ply Of non-coniferous Wood"
4412.5900,"Other, With both outer plies Of coniferous Wood - Other"
4412.9100,With at least one outer ply of tropical Wood
4412.9200,"Other, With at least one outer ply of non-coniferous Wood"
4412.9900,"Other, with both outer plies of coniferous wood"
4413.0000,"Densified wood, in blocks, plates, strips or profile shapes"
4414.1000,Of tropical wood
4414.9000,Other
4415.1000,"Cases, boxes, crates, drums and similar packings; cable-drums"
4415.2000,"Pallets, box pallets and other load boards; pallet collars"
4416.0000,"Casks, barrels, vats, tubs and other coopers' products and parts thereof, of wood, including staves"
4417.0010,Boot and shoe lasts
4417.0020,Other
4418.1100,Of tropical Wood
4418.1900,Other - Doors and their frames and thresholds
4418.2100,Of tropical Wood
4418.2900,Other
4418.3000,Posts and beams other than products of subheadings 4418.81 to 4418.89
4418.4000,Shuttering for concrete constructional work
4418.5000,Shingles and shakes - Assembled flooring panels
4418.7300,Of bamboo or with at least the top layer (wear layer) of bamboo
4418.7400,"Other, for mosaic floors"
4418.7500,"Other, multilayer"
4418.7900,Other - Engineered structural timber products
4418.8100,Glue-laminated timber (glulam)
4418.8200,Cross-laminated timber (CLT or X-lam)
4418.8300,I beams
4418.8900,Other - Other
4418.9100,Of bamboo
4418.9200,Cellular Wood panels - - Other
4418.9910,Flooring panels
4418.9990,Other
4419.1100,"Bread boards, chopping boards and similar boards"
4419.1200,Chopsticks
4419.1900,Other
4419.2000,Of tropical Wood
4419.9000,Other
4420.1100,Of tropical Wood
4420.1900,Other - Other
4420.9010,Jewellery boxes
4420.9020,Wood marquetry and inlaid wood
4420.9090,Other
4421.1000,Clothes hangers
4421.2000,Coffins - Other
4421.9100,Of bamboo - - Other
4421.9910,Bobbins
4421.9920,Cops
4421.9930,Spools
4421.9940,Reels
4421.9950,Wooden splints for matches
4421.9990,Other
4501.1000,"Natural cork, raw or simply prepared"
4501.9000,Other
4502.0000,"Natural cork, debacked or roughly squared, or in rectangular (including square) blocks, plates, sheets or strip (including sharp-edged blanks for corks or stoppers)"
4503.1000,Corks and stoppers
4503.9000,Other
4504.1010,Impregnated cork sheets
4504.1090,Other
4504.9000,Other
4601.2100,Of bamboo
4601.2200,Of rattan
4601.2900,Other - Other
4601.9200,Of bamboo
4601.9300,Of rattan
4601.9400,Of other vegetable materials
4601.9900,Other
4602.1100,Of bamboo
4602.1200,Of rattan
4602.1900,Other
4602.9000,Other
4701.0000,Mechanical wood pulp
4702.0000,"Chemical wood pulp, dissolving grades"
4703.1100,Coniferous
4703.1900,Non-coniferous - Semi-bleached or bleached
4703.2100,Coniferous
4703.2900,Non-coniferous
4704.1100,Coniferous
4704.1900,Non-coniferous - Semi-bleached or bleached
4704.2100,Coniferous
4704.2900,Non-coniferous
4705.0000,Wood pulp obtained by a combination of mechanical and chemical pulping processes
4706.1000,Cotton linters pulp
4706.2000,Pulps of fibres derived from recovered (waste and scrap) paper or paperboard
4706.3000,"Other, of bamboo - Other"
4706.9100,Mechanical
4706.9200,Chemical
4706.9300,Obtained by a combination of mechanical and chemical processes
4707.1010,In pressed bundles
4707.1090,"Other - Other paper or paperboard made mainly of bleached chemical pulp, not coloured in the mass"
4707.2010,In pressed bundles
4707.2090,"Other - Paper or paperboard made mainly of mechanical pulp (for example, newspapers, journals and similar printed matter)"
4707.3010,In pressed bundles
4707.3090,"Other - Other, including unsorted waste and scrap"
4707.9010,In pressed bundles
4707.9090,Other
4801.0000,"Newsprint, in rolls or sheets"
4802.1000,Hand-made paper and paper board
4802.2000,"Paper and paperboard of a kind used as a base for photo-sensitive, heat-sensitive or electro-sensitive paper or paperboard"
4802.4000,"Wallpaper base - Other paper and paperboard, not containing fibres obtained by a mechanical or chemi-mechanical process or of which not more than 10 % by weight of the total fibre"
4802.5400,"Weighing less than 40 g/ m² - - Weighing 40 g/ m² or more but not more than 150 g/ m², in rolls"
4802.5510,Printing paper
4802.5520,Poster paper
4802.5530,Graph paper
4802.5540,Bond paper
4802.5590,Other
4802.5600,"Weighing 40 g/ m² or more but not more than 150 g/ m², in sheets with one side not exceeding 435 mm and the other side not exceeding 297mm in the unfolded state"
4802.5700,"Other, weighing 40 g/ m² or more but not more than 150 g/ m²"
4802.5810,Art paper
4802.5830,Card board
4802.5850,Art card
4802.5890,"Other - Other paper and paperboard, of which more than 10 % by weight of the total fibre content consists of fibres obtained by a mechanical or chemi-mechanical process"
4802.6100,In rolls
4802.6200,In sheets with one side not exceeding 435 mm and the other side not exceeding 297 mm in the unfolded state
4802.6910,Carbonising base paper
4802.6990,Other
4803.0000,"Toilet or facial tissue stock, towel or napkin stock and similar paper of a kind used for household or sanitary purposes, cellulose wadding and webs of cellulose fibres, whether or not creped, crinkled, embossed,"
4804.1100,Unbleached
4804.1900,Other - Sack kraft paper
4804.2100,Unbleached
4804.2900,Other - Other kraft paper and paperboard weighing 150 g/m2 or less
4804.3100,Unbleached
4804.3900,Other - Other kraft paper and paperboard weighing more than 150 g/m2 but less than 225 g/m2
4804.4100,Unbleached
4804.4200,Bleached uniformly throughout the mass and of which more than 95 % byweight of the total fibre content consists of wood fibres obtained by a chemical process
4804.4900,Other - Other kraft paper and paperboard weighing 225 g/m2 or more
4804.5100,Unbleached
4804.5200,Bleached uniformly throughout the mass and of which more than 95 % by weight of the total fibre content consists of wood obtained by a chemical process
4804.5900,Other
4805.1100,Semi-chemical fluting paper
4805.1200,Straw fluting paper
4805.1900,Other - Testliner (recycled liner board)
4805.2400,Weighing 150 g/ m² or less
4805.2500,Weighing more than 150 g/ m²
4805.3000,Sulphite wrapping paper
4805.4000,Filter paper and paperboard
4805.5000,Felt paper and paperboard - Other: - - Weighing 150 g/ m² or less
4805.9110,Having di-electric strength not less than .5 Kv per milimeter
4805.9190,Other - - Weighing more than 150 g/ m² but less than 225 g/ m²
4805.9210,Having di-electric strength not less than .5 Kv per milimeter
4805.9290,Other - - Weighing 225 g/ m² or more
4805.9310,Having di-electric strength not less than .5 Kv per milimeter
4805.9390,Other
4806.1000,Vegetable parchment
4806.2000,Greaseproof papers
4806.3000,Tracing papers - Glassine and other glazed transparent or translucent papers
4806.4010,Glassine
4806.4090,Other
4807.0000,"Composite paper and paperboard (made by sticking flat layers of paper or paperboard together with an adhesive), not surface-coated or impregnated, whether or not internally reinforced, in rolls or sheets"
4808.1000,"Corrugated paper and paperboard, whether or not perforated"
4808.4000,"Kraft paper, creped or crinkled, whether or not embossed or perforated"
4808.9000,Other
4809.2000,Self-copy paper
4809.9000,Other
4810.1310,Art paper
4810.1320,"Writing paper, coated or impregnated"
4810.1390,Other
4810.1400,In sheets with one side not exceeding 435 mm and the other side not exceeding 297 mm in the unfolded state
4810.1910,Writing paper
4810.1990,"Other - Paper and paperboard of a kind used for writing, printing or other graphic purposes, of which more than 10 % by weight of the total fibre content consists of fibres obtained"
4810.2200,Light-weight coated paper
4810.2900,"Other - Kraft paper and paperboard, other than that of a kind use for writing, printing or other graphic purposes"
4810.3100,"Bleached uniformly throughout the mass and of which more than 95 % by weight of the total fibre content consists of wood fibres obtained by a chemical process, and weighing 150 g/m2 or less"
4810.3200,"Bleached uniformly throughout the mass and of which more than 95 % by weight of the total fibre content consists of wood fibres obtained by a chemical process, and weighing more than 150 g/m2"
4810.3900,Other - Other paper and paperboard: - - Multi-ply
4810.9210,Clay coated exceeding either 370 mN or 325 gsm for aseptic liquid food packaging
4810.9290,Other
4810.9900,Other
4811.1000,"Tarred, bituminised or asphalted paper and paperboard - Gummed or adhesive paper and paperboard"
4811.4100,Self-adhesive
4811.4900,"Other - Paper and paperboard coated, impregnated or covered with plastics (excluding adhesives)"
4811.5100,"Bleached, weighing more than 150 g/m2 - - Other"
4811.5910,Thermal fax paper
4811.5920,Volatile corrosive inhobitor (VCI) paper
4811.5930,"Floor coverings on a base of paper or of paperboard, whether or not cut to size"
4811.5990,"Other - Paper and paperboard, coated, impregnated or covered with wax, paraffin wax, stearin, oil or glycerol"
4811.6010,Wax paper
4811.6020,"Floor coverings on a base of paper or of paperboard, whether or not cut to size"
4811.6090,Other
4811.9000,"Other paper, paperboard, cellulose wadding and webs of cellulose fibres"
4812.0000,"Filter blocks, slabs and plates, of paper pulp"
4813.1010,In the form of booklets
4813.1020,In the form of tubes
4813.2000,In rolls of a width not exceeding 5cm
4813.9000,Other
4814.2000,"Wallpaper and similar wall coverings, consisting of paper coated or covered, on the face side, with a grained, embossed, coloured, design-printed or otherwise decorated layer of plastics"
4814.9000,Other
4816.2000,Self-copy paper
4816.9000,Other
4817.1000,Envelopes
4817.2000,"Letter cards, plain post-cards and correspondence cards"
4817.3000,"Boxes, pouches, wallets and writing compendiums, of paper or paperboard, containing an assortment of paper stationery"
4818.1000,Toilet paper
4818.2000,"Handkerchiefs, cleansing or facial tissues and towels"
4818.3000,Tablecloths and serviettes
4818.5000,Articles of apparel and clothing accessories
4818.9000,Other
4819.1000,"Cartons, boxes and cases, of corrugated paper or paperboard"
4819.2000,"Folding cartons, boxes and cases, of non corrugated paper or paperboard"
4819.3000,"Sacks and bags, having a base of a width of 40 cm or more"
4819.4000,"Other sacks and bags, including cones"
4819.5000,"Other packing containers, including record sleeves"
4819.6000,"Box files, letter trays, storage boxes and similar articles, of a kind used in offices, shops or the like"
4820.1010,"Note books, order books and receipt books"
4820.1020,Diaries
4820.1090,Other
4820.2000,Exercise books
4820.3000,"Binders (other than book covers), folders and file covers"
4820.4000,Manifold business forms and interleaved carbon sets
4820.5000,Albums for samples or for collections
4820.9000,Other
4821.1010,Paper graphics of a kind used for decoration for vehicles of heading 87.11
4821.1020,Paper graphics of a kind used for decoration for vehicles of sub - headings 8701.9220 and 8701.9320
4821.1030,Other for motor cars and vehicles
4821.1040,Printed labels of paper
4821.1090,Other
4821.9000,Other
4822.1000,Of a kind used for winding textile yarn
4822.9000,Other
4823.2000,Filter paper and paperboard
4823.4000,"Rolls, sheets and dials, printed for self-recording apparatus"
4823.6100,Of bamboo
4823.6900,Other
4823.7000,Moulded or pressed articles of paper pulp - Other
4823.9010,Cards for jacquard machines
4823.9020,"Patterns, design cards for textile and leather garments"
4823.9030,Diamond dotted paper
4823.9040,Double side adhesive tapes
4823.9090,Other
4901.1000,"In single sheets, whether or not folded - Other"
4901.9100,"Dictionaries and encyclopaedias, and serial instalments thereof"
4901.9910,Holy Quran(Arabic text with or without translation)
4901.9990,Other
4902.1000,Appearing at least four times a week
4902.9000,Other
4903.0000,"Children's picture, drawing or colouring books"
4904.0000,"Music, printed or in manuscript, whether or not bound or illustrated"
4905.2000,In book form
4905.9000,Other
4906.0000,"Plans and drawings for architectural, engineering, industrial, commercial, topographical or similar purposes, being originals drawn by hand; hand-written texts; photographic reproductions on sensitised paper"
4907.0010,"Unused postage, revenue or similar stamps of current or new issue in the country in which they have, or will have, a recognised face value; stamp-impressed paper; banknotes"
4907.0090,Other
4908.1000,"Transfers (decalcomanias), vitrifiable"
4908.9000,Other
4909.0000,"Printed or illustrated postcards; printed cards bearing personal greetings, messages or announcements, whether or not illustrated, with or without envelopes or trimmings"
4910.0000,"Calendars of any kind, printed, including calendar blocks"
4911.1000,"Trade advertising material, commercial catalogues and the like"
4911.9100,"Pictures, designs and photographs"
4911.9900,Other
5001.0000,Silk-worm cocoons suitable for reeling
5002.0000,Raw silk (not thrown)
5003.0000,"Silk waste (including cocoons unsuitable for reeling, yarn waste and garnetted stock)"
5004.0000,Silk yarn (other than yarn spun from silk waste) not put up for retail sale
5005.0000,"Yarn spun from silk waste, not put up for retail sale"
5006.0000,"Silk yarn and yarn spun from silk waste, put up for retail sale; silk-worm gut"
5007.1000,Fabrics of noil silk
5007.2000,"Other fabrics, containing 85 % or more by weight of silk or of silk waste other than noil silk"
5007.9000,Other fabrics
5101.1100,Shorn wool
5101.1900,"Other - Degreased, not carbonised"
5101.2100,Shorn wool
5101.2900,Other
5101.3000,Carbonised
5102.1100,Of Kashmir (cashmere) goats
5102.1900,Other
5102.2000,Coarse animal hair
5103.1000,Noils of wool or of fine animal hair
5103.2000,Other waste of wool or of fine animal hair
5103.3000,Waste ofcoarse animal hair
5104.0000,Garnetted stock of wool or of fine or coarse animal hair
5105.1000,Carded wool - Wool tops and other combed wool
5105.2100,Combed wool in fragments
5105.2900,"Other - Fine animal hair, carded or combed"
5105.3100,Of Kashmir (cashmere) goats
5105.3900,Other
5105.4000,"Coarse animal hair, carded or combed"
5106.1000,Containing 85 % or more by weight of wool
5106.2000,Containing less than 85 % by weight of wool
5107.1000,Containing 85 % or more by weight of wool
5107.2000,Containing less than 85 % by weight of wool
5108.1000,Carded
5108.2000,Combed
5109.1000,Containing 85 % or more by weight of wool or of fine animal hair
5109.9000,Other
5110.0000,"Yarn of coarse animal hair or of horsehair (including gimped horsehair yarn), whether or not put up for retail sale"
5111.1100,Of a weight not exceeding 300 g/m2
5111.1900,Other
5111.2000,"Other, mixed mainly or solely with man-made filaments"
5111.3000,"Other, mixed mainly or solely with man-made staple fibre"
5111.9000,Other
5112.1100,Of a weight not exceeding 200 g/m2
5112.1900,Other
5112.2000,"Other, mixed mainly or solely with man-made filaments"
5112.3000,"Other, mixed mainly or solely with man-made staple fibres"
5112.9000,Other
5113.0000,Woven fabrics of coarse animal hair or of horsehair
5201.0030,Length not exceeding 20.5 mm
5201.0040,Length exceeding 20.5 mm but not exceeding 24.5 mm
5201.0050,Length exceeding 24.5 mm but not exceeding 28.5 mm
5201.0060,Length exceeding 28.5 mm but not exceeding 31 mm
5201.0070,Length exceeding 31 mm but not exceeding 34.5 mm
5201.0080,Length exceeding exceeding 34.5 mm
5201.0090,Other
5202.1000,Yarn waste (including thread waste) - Other
5202.9100,Garnetted stock
5202.9900,Other
5203.0000,"Cotton, carded or combed"
5204.1100,Containing 85 % or more by weight of cotton
5204.1900,Other - Put up for retail sale
5204.2010,For sewing
5204.2020,For embroidery
5204.2090,Other
5205.1100,Measuring 714.29 decitex or more (not exceeding metric number)
5205.1200,Measuring less than 714.29 decitex but not less than 232.56 decitex (exceeding 14 metric number but not exceeding 43 metric number)
5205.1300,Measuring less than 232.56 decitex but not less than 192.31 decitex (exceeding 43 metric number but not exceeding 52 metric number)
5205.1400,Measuring less than 192.31 decitex but not less than 125 decitex (exceeding 52 metric number but not exceeding 80 metric number)
5205.1500,Measuring less than 125 decitex (exceeding 80 metric number)
5205.2100,Measuring 714.29 decitex or more (not exceeding metric number)
5205.2200,Measuring less than 714.29 decitex but not less than 232.56 decitex (exceeding 14 metric number but not exceeding 43 metric number)
5205.2300,Measuring less than 232.56 decitex but not less than 192.31 decitex (exceeding 43 metric number but not exceeding 52 metric number)
5205.2400,Measuring less than 192.31 decitex but not less than 125 decitex (exceeding 52 metric number but not exceeding 80 metric number)
5205.2600,Measuring less than 125 decitex but not less than 106.38 decitex (exceeding 80 metric number but not exceeding 94 metric number)
5205.2700,Measuring less than 106.38 decitex but not less than
5205.2800,Measuring less than
5205.3100,Measuring per single yarn 714.29 decitex or more (not exceeding 14 metric number per single yarn)
5205.3200,Measuring per single yarn less than 714.29 decitex but not less than 232.56 decitex (exceeding 14 metric number but not exceeding 43 metric number per single yarn)
5205.3300,Measuring per single yarn less than 232.56 decitex but not less than 192.31 decitex (exceeding 43 metric number but not exceeding 52 metric number per single yarn)
5205.3400,Measuring per single yarn less than 192.31 decitex but not less than 125 decitex (exceeding 52 metric number but not exceeding 80 metric number per single yarn)
5205.3500,Measuring per single yarn less than 125 decitex (exceeding 80 metric number per single yarn)
5205.4100,Measuring per single yarn 714.29 decitex or more (not exceeding 14 metric number per single yarn)
5205.4200,Measuring per single yarn less than 714.29 decitex but not less than 232.56 decitex (exceeding 14 metric number but not exceeding 43 metric number per single yarn)
5205.4300,Measuring per single yarn less than 232.56 decitex but not less than 192.31 decitex (exceeding 43 metric number but not exceeding 52 metric number per single yarn)
5205.4400,Measuring per single yarn less than 192.31 decitex but not less than 125 decitex (exceeding 52 metric number but not exceeding 80 metric number per single yarn)
5205.4600,Measuring per single yarn less than 125 decitex but not less than 106.38 decitex (exceeding 80 metric number but not exceeding 94 metric number per single yarn)
5205.4700,Measuring per single yarn less than 106.38 decitex but not less than
5205.4800,Measuring per single yarn less than
5206.1100,Measuring 714.29 decitex or more (not exceeding metric number)
5206.1200,Measuring less than 714.29 decitex but not less than 232.56 decitex (exceeding 14 metric number but not exceeding 43 metric number)
5206.1300,Measuring less than 232.56 decitex but not less than 192.31 decitex (exceeding 43 metric number but not exceeding 52 metric number)
5206.1400,Measuring less than 192.31 decitex but not less than 125 decitex (exceeding 52 metric number but not exceeding 80 metric number)
5206.1500,Measuring less than 125 decitex (exceeding 80 metric number)
5206.2100,Measuring 714.29 decitex or more (not exceeding metric number)
5206.2200,Measuring less than 714.29 decitex but not less than 232.56 decitex (exceeding 14 metric number but not exceeding 43 metric number)
5206.2300,Measuring less than 232.56 decitex but not less than 192.31 decitex (exceeding 43 metric number but not exceeding 52 metric number)
5206.2400,Measuring less than 192.31 decitex but not less than 125 decitex (exceeding 52 metric number but not exceeding 80 metric number)
5206.2500,Measuring less than 125 decitex (exceeding 80 metric number)
5206.3100,Measuring per single yarn 714.29 decitex or more (not exceeding 14 metric number per single yarn)
5206.3200,Measuring per single yarn less than 714.29 decitex but not less than 232.56 decitex (exceeding 14 metric number but not exceeding 43 metric number per single yarn)
5206.3300,Measuring per single yarn less than 232.56 decitex but not less than 192.31 decitex (exceeding 43 metric number but not exceeding 52 metric number per single yarn)
5206.3400,Measuring per single yarn less than 192.31 decitex but not less than 125 decitex (exceeding 52 metric number but not exceeding 80 metric number per single yarn)
5206.3500,Measuring per single yarn less than 125 decitex (exceeding 80 metric number per single yarn)
5206.4100,Measuring per single yarn 714.29 decitex or more (not exceeding 14 metric number per single yarn)
5206.4200,Measuring per single yarn less than 714.29 decitex but not less than 232.56 decitex (exceeding 14 metric number but not exceeding 43 metric number per single yarn)
5206.4300,Measuring per single yarn less than 232.56 decitex but not less than 192.31 decitex (exceeding 43 metric number but not exceeding 52 metric number per single yarn)
5206.4400,Measuring per single yarn less than 192.31 decitex but not less than 125 decitex (exceeding 52 metric number but not exceeding 80 metric number per single yarn)
5206.4500,Measuring per single yarn less than 125 decitex (exceeding 80 metric number per single yarn)
5207.1000,Containing 85 % or more by weight of cotton
5207.9000,Other
5208.1100,"Plain weave, weighing not more than 100 g/m2"
5208.1200,"Plain weave, weighing more than 100 g/m2"
5208.1300,"3-thread or 4-thread twill, including cross twill"
5208.1900,Other fabrics - Bleached
5208.2100,"Plain weave, weighing not more than 100 g/m2"
5208.2200,"Plain weave, weighing more than 100 g/m2"
5208.2300,"3-thread or 4-thread twill, including cross twill"
5208.2900,Other fabrics - Dyed
5208.3100,"Plain weave, weighing not more than 100 g/m2"
5208.3200,"Plain weave, weighing more than 100 g/m2"
5208.3300,"3-thread or 4-thread twill, including cross twill"
5208.3900,Other fabrics - Of yarns of different colours
5208.4100,"Plain weave, weighing not more than 100 g/m2"
5208.4200,"Plain weave, weighing more than 100 g/m2"
5208.4300,"3-thread or 4-thread twill, including cross twill"
5208.4900,Other fabrics - Printed
5208.5100,"Plain weave, weighing not more than 100 g/m2"
5208.5200,"Plain weave, weighing more than 100 g/m2"
5208.5900,Other fabrics
5209.1100,Plain weave
5209.1200,"3-thread or 4-thread twill, including cross twill"
5209.1900,Other fabrics - Bleached
5209.2100,Plain weave
5209.2200,"3-thread or 4-thread twill, including cross twill"
5209.2900,Other fabrics - Dyed
5209.3100,Plain weave
5209.3200,"3-thread or 4-thread twill, including cross twill"
5209.3900,Other fabrics - Of yarns of different colours
5209.4100,Plain weave
5209.4200,Denim
5209.4300,"Other fabrics of 3-thread or 4-thread twill, including cross twill"
5209.4900,Other fabrics - Printed
5209.5100,Plain weave
5209.5200,"3-thread or 4-thread twill, including cross twill"
5209.5900,Other fabrics
5210.1100,Plain weave
5210.1900,Other fabrics - Bleached
5210.2100,Plain weave
5210.2900,Other fabrics - Dyed
5210.3100,Plain weave
5210.3200,"3-thread or 4-thread twill, including cross twill"
5210.3900,Other fabrics - Of yarns of different colours
5210.4100,Plain weave
5210.4900,Other fabrics - Printed
5210.5100,Plain weave
5210.5900,Other fabrics
5211.1100,Plain weave
5211.1200,"3-thread or 4-thread twill, including cross twill"
5211.1900,Other fabrics
5211.2000,Bleached - Dyed
5211.3100,Plain weave
5211.3200,"3-thread or 4-thread twill, including cross twill"
5211.3900,Other fabrics - Of yarns of different colours
5211.4100,Plain weave
5211.4200,Denim
5211.4300,"Other fabrics of 3-thread or 4-thread twill, including cross twill"
5211.4900,Other fabrics - Printed
5211.5100,Plain weave
5211.5200,"3-thread or 4-thread twill, including cross twill"
5211.5900,Other fabrics
5212.1100,Unbleached
5212.1200,Bleached
5212.1300,Dyed
5212.1400,Of yarns of different colours
5212.1500,Printed - Weighing more than 200 g/m2
5212.2100,Unbleached
5212.2200,Bleached
5212.2300,Dyed
5212.2400,Of yarns of different colours
5212.2500,Printed
5301.1000,"Flax, raw or retted - Flax, broken, scutched, hackled or otherwise processed, but not spun"
5301.2100,Broken or scutched
5301.2900,Other
5301.3000,Flax tow and waste
5302.1000,"True hemp, raw or retted"
5302.9000,Other
5303.1010,"Jute, cutting"
5303.1020,"Jute, waste"
5303.1090,Other
5303.9000,Other
5305.0010,"Sisal and other textile fibres of the genus Agave, raw"
5305.0020,Abaca raw
5305.0090,Other
5306.1000,Single
5306.2000,Multiple (folded) or cabled
5307.1000,Single
5307.2000,Multiple (folded) or cabled
5308.1000,Coir yarn
5308.2000,True hemp yarn
5308.9000,Other
5309.1100,Unbleached or bleached
5309.1900,Other - Containing less than 85 % by weight of flax
5309.2100,Unbleached or bleached
5309.2900,Other
5310.1000,Unbleached - Other
5310.9010,Jute (hessian cloth)
5310.9090,Other
5311.0000,Woven fabrics of other vegetable textile fibres; woven fabrics of paper yarn
5401.1000,Of synthetic filaments - Of artificial filaments
5401.2010,Of viscose rayon
5401.2090,Other
5402.1100,Of aramids
5402.1900,Other
5402.2000,"High tenacity yarn of polyesters, whether or not textured - Textured yarn"
5402.3100,"Of nylon or other polyamides, measuring per single yarn not more than 50 tex"
5402.3200,"Of nylon or other polyamides, measuring per single yarn more than 50 tex"
5402.3300,Of polyesters
5402.3400,Of polypropylene
5402.3900,"Other - Other yarn, single, untwisted or with a twist not exceeding 50 turns per metre: - - Elastomeric"
5402.4410,Elastomeric yarn mainly composed of polyurethane (like spandex and lycra excluding other poly-urethane yarn)
5402.4490,Other
5402.4500,"Other, of nylon or other polyamides"
5402.4600,"Other, of polyesters, partially oriented"
5402.4700,"Other, of polyesters"
5402.4800,"Other, of polypropylene"
5402.4900,"Other - Other yarn, single, with a twist exceeding 50 turns per metre"
5402.5100,Of nylon or other polyamides
5402.5200,Of polyesters
5402.5300,Of polypropylene
5402.5900,"Other - Other yarn, multiple (folded) or cabled"
5402.6100,Of nylon or other polyamides
5402.6200,Of polyesters
5402.6300,Of polypropylene
5402.6900,Other
5403.1000,"High tenacity yarn of viscose rayon - Other yarn, single"
5403.3100,"Of viscose rayon, untwisted or with a twist not exceeding 120 turns per metre"
5403.3200,"Of viscose rayon, with a twist exceeding 120 turns per metre"
5403.3300,Of cellulose acetate - - Other
5403.3910,Of cuprammonium rayon
5403.3990,"Other - Other yarn, multiple (folded) or cabled"
5403.4100,Of viscose rayon
5403.4200,Of cellulose acetate
5403.4900,Other
5404.1100,Elastomeric
5404.1200,"Other, of polypropylene"
5404.1900,Other
5404.9000,Other
5405.0000,"Artificial monofilament of 67 decitex or more and of which no cross-sectional dimension exceeds 1mm; strip and the like (for example, artificial straw) of artificial textile materials of an apparent width not"
5406.0000,"Man-made filament yarn (other than sewing thread), put up for retail sale"
5407.1000,Woven fabrics obtained from high tenacity yarn of nylon or other polyamides or of polyesters
5407.2000,Woven fabrics obtained from strip and the like
5407.3000,"Fabrics specified in Note 9 to Section XI - Other woven fabrics, containing 85 % or more by weight of filaments of nylon or other polyamides"
5407.4100,Unbleached or bleached
5407.4200,Dyed
5407.4300,Of yarns of different colours
5407.4400,"Printed - Other woven fabrics, containing 85 % or more by weight of textured polyester filaments"
5407.5100,Unbleached or bleached
5407.5200,Dyed
5407.5300,Of yarns of different colours
5407.5400,"Printed - Other woven fabrics, containing 85 % or more by weight of polyester filaments"
5407.6100,Containing 85 % or more by weight of non-textured polyester filaments
5407.6900,"Other - Other woven fabrics, containing 85 % or more by weight of synthetic filaments"
5407.7100,Unbleached or bleached
5407.7200,Dyed
5407.7300,Of yarns of different colours
5407.7400,"Printed - Other woven fabrics, containing less than 85 % by weight of synthetic filaments, mixed mainly or solely with cotton: - - Unbleached or bleached"
5407.8110,Unbleached
5407.8120,Bleached
5407.8200,Dyed
5407.8300,Of yarns of different colours
5407.8400,Printed - Other woven fabrics: - - Unbleached or bleached
5407.9110,Unbleached
5407.9120,Bleached
5407.9200,Dyed
5407.9300,Of yarns of different colours
5407.9400,Printed
5408.1000,Woven fabrics obtained from high tenacity yarn of viscose rayon
5408.2100,Unbleached or bleached
5408.2200,Dyed
5408.2300,Of yarns of different colours
5408.2400,Printed - Other woven fabrics: - - Unbleached or bleached
5408.3110,Unbleached
5408.3120,Bleached
5408.3200,Dyed
5408.3300,Of yarns of different colours
5408.3400,Printed
5501.1100,Of aramids
5501.1900,Other
5501.2000,Of polyesters
5501.3000,Acrylic or modacrylic
5501.4000,Of polypropylene
5501.9000,Other
5502.1000,Of cellulose acetate - Other
5502.9010,Of viscose rayon
5502.9090,Other
5503.1100,Of aramids
5503.1900,Other - Of polyesters
5503.2010,Of polyesters not exceeding 2.22 decitex
5503.2090,Other
5503.3000,Acrylic or modacrylic
5503.4000,Of polypropylene
5503.9000,Other
5504.1000,Of viscose rayon
5504.9000,Other
5505.1000,Of synthetic fibres
5505.2000,Of artificial fibres
5506.1000,Of nylon or other polyamides
5506.2000,Of polyesters
5506.3000,Acrylic or modacrylic
5506.4000,Of polypropylene
5506.9000,Other
5507.0000,"Artificial staple fibres, carded, combed or otherwise processed for spinning"
5508.1000,Of synthetic staple fibres
5508.2000,Of artificial staple fibres
5509.1100,Single yarn
5509.1200,Multiple (folded) or cabled yarn - Containing 85 % or more by weight of polyester staple fibres
5509.2100,Single yarn
5509.2200,Multiple (folded) or cabled yarn - Containing 85 % or more by weight of acrylic or modacrylic staple fibres
5509.3100,Single yarn
5509.3200,"Multiple (folded) or cabled yarn - Other yarn, containing 85 % or more by weight of synthetic staple fibres"
5509.4100,Single yarn
5509.4200,"Multiple (folded) or cabled yarn - Other yarn, of polyester staple fibres"
5509.5100,Mixed mainly or solely with artificial staple fibres
5509.5200,Mixed mainly or solely with wool or fine animal hair
5509.5300,Mixed mainly or solely with cotton
5509.5900,"Other - Other yarn, of acrylic or modacrylic staple fibres"
5509.6100,Mixed mainly or solely with wool or fine animal hair
5509.6200,Mixed mainly or solely with cotton
5509.6900,Other - Other yarn
5509.9100,Mixed mainly or solely with wool or fine animal hair
5509.9200,Mixed mainly or solely with cotton
5509.9900,Other
5510.1100,Single yarn
5510.1200,Multiple (folded) or cabled yarn
5510.2000,"Other yarn, mixed mainly or solely with wool or fine animal hair"
5510.3000,"Other yarn, mixed mainly or solely with cotton"
5510.9000,Other yarn
5511.1000,"Of synthetic staple fibres, containing 85 % or more by weight of such fibres"
5511.2000,"Of synthetic staple fibres, containing less than 85 % by weight of such fibres"
5511.3000,Of artificial staple fibres
5512.1110,Unbleached
5512.1120,Bleached
5512.1900,Other - Containing 85 % or more by weight of acrylic or modacrylic staple fibres: - - Unbleached or bleached
5512.2110,Unbleached
5512.2120,Bleached
5512.2900,Other - Other: - - Unbleached or bleached
5512.9110,Unbleached
5512.9120,Bleached - - Other
5512.9920,Unbleached
5512.9990,Other
5513.1110,Unbleached
5513.1120,"Bleached - - 3-thread or 4-thread twill, including cross twill, of polyester staple fibres"
5513.1210,Unbleached
5513.1220,Bleached - - Other woven fabrics of polyester staple fibres
5513.1310,Unbleached
5513.1320,Bleached - - Other woven fabrics
5513.1910,Unbleached
5513.1920,Bleached - Dyed
5513.2100,"Of polyester staple fibres, plain weave"
5513.2300,Other woven fabrics of polyester staple fibres
5513.2900,Other woven fabrics - Of yarns of different colours
5513.3100,"Of polyester staple fibres, plain weave"
5513.3900,Other woven fabrics - Printed
5513.4100,"Of polyester staple fibres, plain weave"
5513.4900,Other woven fabrics
5514.1110,Unbleached
5514.1120,"Bleached - - 3-thread or 4-thread twill,including cross twill, of polyester staple fibres"
5514.1210,Unbleached
5514.1220,Bleached - - Other woven fabrics
5514.1910,Unbleached
5514.1920,Bleached - Dyed
5514.2100,"Of polyester staple fibres, plain weave"
5514.2200,"3-thread or 4-thread twill, including cross twill, of polyester staple fibres"
5514.2300,Other woven fabrics of polyester staple fibres
5514.2900,Other woven fabrics - Of yarns of different colours
5514.3010,"3-thread or 4-thread twill, including cross twill, of polyester staple fibres"
5514.3090,Other - Printed
5514.4100,"Of polyester staple fibres, plain weave"
5514.4200,"3-thread or 4-thread twill, including cross twill, of polyester staple fibres"
5514.4300,Other woven fabrics of polyester staple fibres
5514.4900,Other woven fabrics
5515.1120,Unbleached
5515.1190,Other - - Mixed mainly or solely with man-made filaments
5515.1210,Unbleached
5515.1290,Other - - Mixed mainly or solely with wool or fine animal hair
5515.1310,Unbleached
5515.1390,Other - - Other
5515.1910,Unbleached
5515.1990,Other - Of acrylic or modacrylic staple fibres: - - Mixed mainly or solely with man-made filaments
5515.2110,Unbleached
5515.2190,Other - - Mixed mainly or solely with wool or fine animal hair
5515.2210,Unbleached
5515.2290,Other - - Other
5515.2910,Unbleached
5515.2990,Other - Other woven fabrics: - - Mixed mainly or solely with man-made filaments
5515.9110,Unbleached
5515.9190,Other - - Other
5515.9910,Unbleached
5515.9990,Other
5516.1100,Unbleached or bleached
5516.1200,Dyed
5516.1300,Of yarns of different colours
5516.1400,"Printed - Containing less than 85 % by weight of artificial staple fibres, mixed mainly or solely with man-made filaments"
5516.2100,Unbleached or bleached
5516.2200,Dyed
5516.2300,Of yarns of different colours
5516.2400,"Printed - Containing less than 85 % by weight of artificial staple fibres, mixed mainly or solely with wool or fine animal hair"
5516.3100,Unbleached or bleached
5516.3200,Dyed
5516.3300,Of yarns of different colours
5516.3400,"Printed - Containing less than 85 % by weight of artificial staple fibres, mixed mainly or solely with cotton"
5516.4100,Unbleached or bleached
5516.4200,Dyed
5516.4300,Of yarns of different colours
5516.4400,Printed - Other
5516.9100,Unbleached or bleached
5516.9200,Dyed
5516.9300,Of yarns of different colours
5516.9400,Printed
5601.2100,Of cotton
5601.2200,Of man-made fibres
5601.2900,Other
5601.3000,Textile flock and dust and mill neps
5602.1000,"Needleloom felt and stitch bonded fibre fabrics - Other felt, not impregnated, coated, covered or laminated"
5602.2100,Of wool or fine animal hair
5602.2900,Of other textile materials
5602.9000,Other
5603.1100,Weighing not more than 25 g/m2
5603.1200,Weighing more than 25 g/m2 but not more than 70 g/m2
5603.1300,Weighing more than 70 g/m2 but not more than 150 g/m2
5603.1400,Weighing more than 150 g/m2 - Other
5603.9100,Weighing not more than 25 g/m2
5603.9200,Weighing more than 25 g/m2 but not more than 70 g/m2
5603.9300,Weighing more than 70 g/m2 but not more than 150 g/m2
5603.9400,Weighing more than 150 g/m2
5604.1000,"Rubber thread and cord, textile covered"
5604.9000,Other
5605.0000,"Metallised yarn, whether or not gimped, being textile yarn, or strip or the like of heading 54.04 or"
5606.0000,"Gimped yarn, and strip and the like of heading 54.04 or"
5607.2100,Binder or baler twine
5607.2900,Other - Of polyethylene or polypropylene
5607.4100,Binder or baler twine
5607.4900,Other
5607.5000,Of other synthetic fibres
5607.9000,Other
5608.1100,Made up fishing nets
5608.1900,Other
5608.9000,Other
5609.0000,"Articles of yarn, strip or the like of heading 54.04 or"
5701.1010,Carpets
5701.1020,Rugs
5701.1090,Other
5701.9000,Of other textile materials
5702.1000,"""Kelem"", ""Schumacks"", ""Karamanie"" and similar hand-woven rugs"
5702.2000,"Floor coverings of coconut fibres (coir) - Other, of pile construction, not made up"
5702.3100,Of wool or fine animal hair - - Of man-made textile materials
5702.3210,Synthetic turf for sports fields
5702.3290,Other
5702.3900,"Of other textile materials - Other, of pile construction, made up: - - Of wool or fine animal hair"
5702.4110,Carpets machine made
5702.4190,Other - - Of man-made textile materials
5702.4210,Synthetic turf for sports fields
5702.4290,Other
5702.4900,Of other textile materials
5702.5000,"Other, not of pile construction, not made up - Other, not of pile construction, made up"
5702.9100,Of wool or fine animal hair
5702.9200,Of man-made textile materials - - Of other textile materials
5702.9910,Rugs of cotton
5702.9920,Durries
5702.9990,Other
5703.1000,Of wool or fine animal hair - Of nylon or other polyamides
5703.2100,Turf - - Other
5703.2910,"Of a kind used in vehicles of heading 87.03 and vehicles of sub-headings 8704.2190, 8704.3130, 8704.3190 (cut to size and shaped)"
5703.2920,Other for motor cars and vehicles
5703.2990,Other - Of other man-made textile materials
5703.3100,Turf - - Other
5703.3910,"Of a kind used in vehicles of heading 87.03 and vehicles of sub-headings 8704.2190, 8704.3130, 8704.3190 (cut to size and shaped)"
5703.3920,Other for motor cars and vehicles
5703.3990,Other
5703.9000,Of other textile materials
5704.1000,"Tiles, having a maximum surface area of 0.3 m 2"
5704.2000,"Tiles, having a maximum surface area exceeding 0.3 m2 but not exceeding 1 m²"
5704.9000,Other
5705.0000,"Other carpets and other textile floor coverings, whether or not made up"
5801.1000,Of wool or fine animal hair - Of cotton
5801.2100,Uncut weft pile fabrics
5801.2200,Cut corduroy
5801.2300,Other weft pile fabrics
5801.2600,Chenille fabrics
5801.2700,Warp pile fabrics - Of man-made fibres
5801.3100,Uncut weft pile fabrics
5801.3200,Cut corduroy
5801.3300,Other weft pile fabrics
5801.3600,Chenille fabrics
5801.3700,Warp pile fabrics
5801.9000,Of other textile materials
5802.1000,"Terry towelling and similar woven Terry fabrics, of cotton"
5802.2000,"Terry towelling and similar woven terry fabrics, of other textile materials"
5802.3000,Tufted textile fabrics
5803.0000,"Gauze, other than narrow fabrics of heading 58.06"
5804.1000,Tulles and other net fabrics - Mechanically made lace
5804.2100,Of man-made fibres
5804.2900,Of other textile materials
5804.3000,Hand made lace
5805.0000,"Hand-woven tapestries of the types Gobelins, Flanders, Aubusson, Beauvais and the like, and needle-worked tapestries (for example, petit point, cross stitch) whether or not made up"
5806.1000,Woven pile fabrics (including terry towelling and similar terry fabrics) and chenille fabrics
5806.2000,"Other woven fabrics, containing by weight 5 % or more of elastomeric yarn or rubber thread"
5806.3100,Of cotton
5806.3200,Of man-made fibres
5806.3900,Of other textile materials
5806.4000,Fabrics consisting of warp without weft assembled by means of an adhesive (bolducs)
5807.1010,Badges
5807.1020,Ribbons
5807.1030,Tapes
5807.1040,Webbing
5807.1090,Other
5807.9000,Other
5808.1000,Braids in the piece
5808.9000,Other
5809.0000,"Woven fabrics of metal thread and woven fabrics of metallised yarn of heading 56.05, of a kind used in apparel, as furnishing fabrics or for similar purposes, not elsewhere specified or included"
5810.1000,Embroidery without visible ground - Other embroidery
5810.9100,Of cotton
5810.9200,Of man-made fibres
5810.9900,Of other textile materials
5811.0000,"Quilted textile products in the piece, composed of one or more layers of textile materials assembled with padding by stitching or otherwise, other than embroidery of heading 58.10"
5901.1000,"Textile fabrics coated with gum or amylaceous substances, of a kind used for the outer covers of books or the like"
5901.9010,Buckram
5901.9090,Other
5902.1000,Of nylon or other polyamides
5902.2000,Of polyesters
5902.9000,Other
5903.1000,With poly(vinyl chloride)
5903.2000,With polyurethane
5903.9000,Other
5904.1000,Linoleum
5904.9000,Other
5905.0000,Textile wall coverings
5906.1000,Adhesive tape of a width not exceeding 20 cm - Other
5906.9100,Knitted or crocheted
5906.9900,Other
5907.0000,"Textile fabrics otherwise impregnated, coated or covered; painted canvas being theatrical scenery, studio back-cloths or the like"
5908.0000,"Textile wicks, woven, plaited or knitted, for lamps, stoves, lighters, candles or the like; incandescent gas mantles and tubular knitted gas mantle fabric therefor, whether or not impregnated"
5909.0000,"Textile hosepiping and similar textile tubing with or without lining, armour or accessories of other materials"
5910.0000,"Transmission or conveyor belts or belting, of textile material, whether or not impregnated, coated, covered or laminated with plastics, or reinforced with metal or other material"
5911.1000,"Textile fabrics, felt and felt-lined woven fabrics, coated, covered or laminated with rubber, leather or other material, of a kind used for card clothing, and similar fabrics of a kind used for other technical purposes, including narrow fabrics"
5911.2000,"Bolting cloth, whether or not made up - Textile fabrics and felts, endless or fitted with linking devices, of a kind used in paper-making or similar machines (for example, for pulp or asbestos-cement)"
5911.3100,Weighing less than 650 g/m2
5911.3200,Weighing 650 g/m2 or more
5911.4000,"Filtering or straining cloth of a kind used in oil presses or the like, including that of human hair"
5911.9010,Dryer screen for paper making
5911.9090,Other
6001.1010,Unbleached
6001.1090,Other - Looped pile fabrics: - - Of cotton
6001.2110,Unbleached
6001.2190,Other - - Of man-made fibres
6001.2210,Unbleached
6001.2290,Other - - Of other textile materials
6001.2910,Unbleached
6001.2990,Other - Other: - - Of cotton
6001.9110,Unbleached
6001.9190,Other - - Of man-made fibres
6001.9210,Unbleached
6001.9290,Other - - Of other textile materials
6001.9910,Unbleached
6001.9990,Other
6002.4000,Containing by weight 5 % or more of elastomeric yarn but not containing rubber thread
6002.9000,Other
6003.1010,Unbleached
6003.1090,Other - Of cotton
6003.2010,Unbleached
6003.2090,Other - Of synthetic fibres
6003.3010,Unbleached
6003.3090,Other - Of artificial fibres
6003.4010,Unbleached
6003.4090,Other - Other
6003.9010,Unbleached
6003.9090,Other
6004.1000,Containing by weight 5% or more of elastomeric yarn but not containing rubber thread
6004.9000,Other
6005.2110,Unbleached
6005.2120,Bleached
6005.2200,Dyed
6005.2300,Of yarns of different colours
6005.2400,Printed - Of synthetic fibres
6005.3500,"Fabrics specified in Subheading Note 1 to this Chapter - - Other, unbleached or bleached"
6005.3610,Unbleached
6005.3620,Bleached
6005.3700,"Other, dyed"
6005.3800,"Other, of yarns of different colours"
6005.3900,Other printed - Of artificial fibres: - - Unbleached or bleached
6005.4110,Unbleached
6005.4120,Bleached
6005.4200,Dyed
6005.4300,Of yarns of different colours
6005.4400,Printed - Other
6005.9010,Unbleached
6005.9090,Other
6006.1000,Of wool or fine animal hair - Of cotton: - - Unbleached or bleached
6006.2110,Unbleached
6006.2120,Bleached
6006.2200,Dyed
6006.2300,Of yarns of different colours
6006.2400,Printed - Of synthetic fibres: - - Unbleached or bleached
6006.3110,Unbleached
6006.3120,Bleached
6006.3200,Dyed
6006.3300,Of yarns of different colours
6006.3400,Printed - Of artificial fibres: - - Unbleached or bleached
6006.4110,Unbleached
6006.4120,Bleached
6006.4200,Dyed
6006.4300,Of yarns of different colours
6006.4400,Printed - Other
6006.9010,Unbleached
6006.9090,Other
6101.2000,Of cotton
6101.3000,Of man-made fibres
6101.9000,Of other textile materials
6102.1000,Of wool or fine animal hair
6102.2000,Of cotton
6102.3000,Of man-made fibres
6102.9000,Of other textile materials
6103.1000,Suits - Ensembles
6103.2200,Of cotton
6103.2300,Of synthetic fibres
6103.2900,Of other textile materials - Jackets and blazers
6103.3100,Of wool or fine animal hair
6103.3200,Of cotton
6103.3300,Of synthetic fibres
6103.3900,"Of other textile materials - Trousers, bib and brace overalls, breeches and shorts"
6103.4100,Of wool or fine animal hair
6103.4200,Of cotton
6103.4300,Of synthetic fibres
6103.4900,Of other textile materials
6104.1300,Of synthetic fibres
6104.1900,Of other textile materials - Ensembles
6104.2200,Of cotton
6104.2300,Of synthetic fibres
6104.2900,Of other textile materials - Jackets and blazers
6104.3100,Of wool or fine animal hair
6104.3200,Of cotton
6104.3300,Of synthetic fibres
6104.3900,Of other textie materials - Dresses
6104.4100,Of wool or fine animal hair - - Of cotton
6104.4210,Shisha embroidered dresses
6104.4290,Other
6104.4300,Of synthetic fibres
6104.4400,Of artificial fibres
6104.4900,Of other textile materials - Skirts and divided skirts
6104.5100,Of wool or fine animal hair
6104.5200,Of cotton
6104.5300,Of synthetic fibres
6104.5900,"Of other textile materials - Trousers, bib and brace overalls, breeches and shorts"
6104.6100,Of wool or fine animal hair
6104.6200,Of cotton
6104.6300,Of synthetic fibres
6104.6900,Of other textile materials
6105.1000,Of cotton
6105.2000,Of man-made fibres
6105.9000,Of other textile materials
6106.1000,Of cotton
6106.2000,Of man-made fibres
6106.9000,Of other textile materials
6107.1100,Of cotton
6107.1200,Of man-made fibres
6107.1900,Of other textile materials - Nightshirts and pyjamas: - - Of cotton
6107.2110,Nightshirts
6107.2120,Pyjamas - - Of man-made fibres
6107.2210,Nightshirts
6107.2220,Pyjamas
6107.2900,Of other textile materials - Other
6107.9100,Of cotton
6107.9900,Of other textile materials
6108.1100,Of man-made fibres
6108.1900,Of other textile materials - Briefs and panties
6108.2100,Of cotton
6108.2200,Of man-made fibres
6108.2900,Of other textile materials - Nightdresses and pyjamas
6108.3100,Of cotton
6108.3200,Of man-made fibres
6108.3900,Of other textile materials - Other
6108.9100,Of cotton
6108.9200,Of man-made fibres
6108.9900,Of other textile materials
6109.1000,Of cotton - Of other textile materials
6109.9010,Baluchi/Peshawari vest
6109.9090,Other
6110.1100,Of wool
6110.1200,Of Kashmir (cashmere) goats
6110.1900,Other
6110.2000,Of cotton
6110.3000,Of man-made fibres
6110.9000,Of other textile materials
6111.2000,Of cotton
6111.3000,Of synthetic fibres
6111.9000,Of other textile materials
6112.1100,Of cotton
6112.1200,Of synthetic fibres
6112.1900,Of other textile materials
6112.2000,Ski suits - Men's or boys' swimwear
6112.3100,Of synthetic fibres
6112.3900,Of other textile materials - Women's or girls' swimwear
6112.4100,Of synthetic fibres
6112.4900,Of other textile materials
6113.0000,"Garments, made up of knitted or crocheted fabrics of heading 59.03,"
6114.2000,Of cotton
6114.3000,Of man-made fibres
6114.9000,Of other textile materials
6115.1010,Socks
6115.1090,Other - Other panty hose and tights
6115.2100,"Of synthetic fibres, measuring per single yarn less than 67 decitex"
6115.2200,"Of synthetic fibres, measuring per single yarn decitex or more"
6115.2900,"Of other textile materials - Other women's full-length or knee-length hosiery, measuring per single yarn less than 67 decitex"
6115.3010,Socks
6115.3090,Other - Other
6115.9400,Of wool or fine animal hair
6115.9500,Of cotton
6115.9600,Of synthetic fibres
6115.9900,Of other textile materials
6116.1000,"Impregnated, coated, covered or laminated with plastics or rubber"
6116.9100,Of wool or fine animal hair
6116.9200,Of cotton
6116.9300,Of synthetic fibres
6116.9900,Of other textile materials
6117.1010,Shawls
6117.1020,Scarves
6117.1030,Dupatta
6117.1040,Veils (burqa)
6117.1090,Other
6117.8000,Other accessories
6117.9000,Parts
6201.2000,Of wool or fine animal hair
6201.3000,Of cotton
6201.4000,Of man-made fibres
6201.9000,Of other textile materials
6202.2000,Of wool or fine animal hair
6202.3000,Of cotton
6202.4000,Of man-made fibres
6202.9000,Of other textile materials
6203.1100,Of wool or fine animal hair
6203.1200,Of synthetic fibres - - Of other textile materials
6203.1910,Men's or boys' suits of cotton
6203.1990,Other - Ensembles
6203.2200,Of cotton
6203.2300,Of synthetic fibres
6203.2900,Of other textile materials - Jackets and blazers
6203.3100,Of wool or fine animal hair
6203.3200,Of cotton
6203.3300,Of synthetic fibres
6203.3900,"Of other textile materials - Trousers, bib and brace overalls, breeches and shorts: - - Of wool or fine animal hair"
6203.4110,Trousers
6203.4190,Other
6203.4200,Of cotton
6203.4300,Of synthetic fibres
6203.4900,Of other textile materials
6204.1100,Of wool or fine animal hair
6204.1200,Of cotton
6204.1300,Of synthetic fibres
6204.1900,Of other textile materials - Ensembles
6204.2100,Of wool or fine animal hair
6204.2200,Of cotton
6204.2300,Of synthetic fibres
6204.2900,Of other textile materials - Jackets and blazers
6204.3100,Of wool or fine animal hair
6204.3200,Of cotton
6204.3300,Of synthetic fibres
6204.3900,Of other textile materials - Dresses
6204.4100,Of wool or fine animal hair - - Of cotton
6204.4210,Shisha embroidered dresses
6204.4290,other
6204.4300,Of synthetic fibres
6204.4400,Of artificial fibres
6204.4900,Of other textile materials - Skirts and divided skirts
6204.5100,Of wool or fine animal hair
6204.5200,Of cotton
6204.5300,Of synthetic fibres
6204.5900,"Of other textile materials - Trousers, bib and brace overalls, breeches and shorts"
6204.6100,Of wool or fine animal hair - - Of cotton
6204.6210,Ghagra
6204.6220,Charara
6204.6290,Other - - Of synthetic fibres
6204.6310,Ghagra
6204.6320,Charara
6204.6390,Other - - Of other textile materials
6204.6910,Ghagra
6204.6920,Charara
6204.6990,Other
6205.2010,Baluchi kameez
6205.2020,Kurta
6205.2090,Other
6205.3000,Of man-made fibres - Of other textile materials
6205.9010,Of wool or fine animal hair
6205.9090,Other
6206.1000,Of silk or silk waste
6206.2000,Of wool or fine animal hair - Of cotton
6206.3010,Multani choli
6206.3020,Punjabi kameez
6206.3030,Baluchi kameez
6206.3040,Kurta
6206.3090,Other - Of man-made fibres
6206.4010,Multani choli
6206.4020,Punjabi kameez
6206.4030,Baluchi kameez
6206.4040,Kurta
6206.4090,Other - Of other textile materials
6206.9010,Multani choli
6206.9020,Punjabi kameez
6206.9030,Baluchi kameez
6206.9040,Kurta
6206.9090,Other
6207.1100,Of cotton - - Of other textile materials
6207.1910,Baluchi/Peshawari vest
6207.1990,Other - Nightshirts and pyjamas
6207.2100,Of cotton
6207.2200,Of man-made fibres
6207.2900,Of other textile materials - Other
6207.9100,Of cotton
6207.9900,Of other textile materials
6208.1100,Of man-made fibres
6208.1900,Of other textile materials - Nightdresses and pyjamas
6208.2100,Of cotton
6208.2200,Of man-made fibres
6208.2900,Of other textile materials - Other
6208.9100,Of cotton
6208.9200,Of man-made fibres
6208.9900,Of other textile materials
6209.2010,Babies' garments not knitted or crocheted
6209.2020,Babies' clothing accessories
6209.3000,Of synthetic fibres - Of other textile materials
6209.9010,Babies' garments
6209.9090,Other
6210.1000,Of fabrics of heading 56.02 or
6210.2000,"Other garments, of the type described in subheading"
6210.3000,"Other garments, of the type described in subheading"
6210.4000,Other men's or boys' garments
6210.5000,Other women's or girls' garments
6211.1100,Men's or boys'
6211.1200,Women's or girls'
6211.2000,"Ski suits - Other garments, men's or boys'"
6211.3200,Of cotton
6211.3300,Of man-made fibres
6211.3900,"Of other textile materials - Other garments, women's or girls'"
6211.4200,Of cotton
6211.4300,Of man-made fibres
6211.4900,Of other textile materials
6212.1000,Brassieres
6212.2000,Girdles and panty-girdles
6212.3000,Corselettes
6212.9000,Other
6213.2000,Of cotton
6213.9000,Of other textile materials
6214.1000,Of silk or silk waste
6214.2000,Of wool or fine animal hair
6214.3000,Of synthetic fibres
6214.4000,Of artificial fibres - Of other textile materials
6214.9010,Shawls
6214.9020,Scarves
6214.9030,Dupatta
6214.9040,Veils (burqa)
6214.9090,Other
6215.1000,Of silk or silk waste
6215.2000,of man-made fibres
6215.9000,Of other textile materials
6216.0010,Gloves
6216.0020,Mittens and mitts
6217.1000,Accessories
6217.9000,Parts I. OTHER MADE UP TEXTILE ARTICLES
6301.1000,Electric blankets
6301.2000,"Blankets (other than electric blankets) and travelling rugs, of wool or of fine animal hair"
6301.3000,"Blankets (other than electric blankets) and travelling rugs, of cotton"
6301.4000,"Blankets (other than electric blankets) and travelling rugs, of synthetic fibres"
6301.9000,Other blankets and travelling rugs
6302.1010,Bed sheets
6302.1020,Pillow covers
6302.1090,"Other - Other bed linen, printed"
6302.2100,Of cotton
6302.2200,Of man-made fibres
6302.2900,Of other textile materials - Other bed linen: - - Of cotton
6302.3110,"Bed sheets, mill-made"
6302.3120,"Bed sheets, hand-loom made"
6302.3130,"Bed covers, mill-made"
6302.3140,"Bed covers, hand-loom made"
6302.3150,"Pillow-covers, mill-made"
6302.3160,"Pillow-covers, hand-loom made"
6302.3190,Other
6302.3200,Of man-made fibres - - Of other textile materials
6302.3910,Bed sheets
6302.3920,Bed covers
6302.3930,Pillow covers
6302.3990,Other
6302.4000,"Table linen, knitted or crocheted - Other table linen: - - Of cotton"
6302.5110,"Table-covers, mill-made"
6302.5120,"Table-covers, hand-loom made"
6302.5190,Other
6302.5300,Of man-made fibres
6302.5900,"Of other textile materials - Toilet linen and kitchen linen, of terry towelling or similar terry fabrics of cotton"
6302.6010,"Towels, mill-made"
6302.6020,"Towels of cotton, hand loom"
6302.6090,Other - Other: - - Of cotton
6302.9110,Toilet and kitchen linen mill made
6302.9120,Toilet and kitchen linen hand loom made
6302.9190,Other
6302.9300,Of man-made fibres
6302.9900,Of other textile materials
6303.1200,Of synthetic fibres
6303.1900,Of other textile materials - Other: - - Of cotton
6303.9110,Mill-made
6303.9190,Other - - Of synthetic fibres
6303.9210,Mill-made
6303.9290,Other
6303.9900,Of other textile materials
6304.1100,Knitted or crocheted
6304.1900,Other
6304.2000,Bed nets specified in Sub-heading Note 1 to this Chapter
6304.9100,knitted or crocheted
6304.9200,"Not knitted or crocheted, of cotton"
6304.9300,"Not knitted or crocheted, of synthetic fibres"
6304.9900,"Not knitted or crocheted, of other textile materials"
6305.1000,Of jute or of other textile bast fibres of heading 53.03
6305.2000,Of cotton - Of man-made textile materials: - - Flexible intermediate bulk containers
6305.3210,"Of a capacity of 1,000 Kg or more"
6305.3290,Other
6305.3300,"other, Of polyethylene or polypropylene strip or the like"
6305.3900,Other
6305.9000,Of other textile materials
6306.1210,Tarpaulins
6306.1290,Other - - Of other textile materials
6306.1910,Tarpaulins
6306.1990,Other - Tents (including temporary canopies and similar articles)
6306.2200,Of synthetic fibres - - Of other textile materials
6306.2910,Of cotton
6306.2990,Other
6306.3000,Sails
6306.4000,Pneumatic mattresses
6306.9000,Other
6307.1010,Dish-cloth
6307.1020,Wash-cloth
6307.1030,Dusters
6307.1040,Bar mops
6307.1050,Bath mats
6307.1090,Other
6307.2000,Life-jackets and life-belts - Other
6307.9010,"Shopping bags, knitted"
6307.9020,Prayer mats(janamaz)
6307.9030,Caps (knitted)
6307.9040,Shoe lace
6307.9050,Tea cosy
6307.9060,Stove pad
6307.9070,Terry coverlets
6307.9080,Cushion pillows
6307.9090,Other II. SETS
6308.0000,"Sets consisting of woven fabric and yarn, whether or not with accessories, for making up into rugs, tapestries, embroidered table cloths or serviettes, or similar textile articles, put up in packings for retail sale"
6309.0000,Worn clothing and other worn articles
6310.1000,Sorted
6310.9000,Other
6401.1000,Footwear incorporating a protective metal toe-cap - Other footwear
6401.9200,Covering the ankle but not covering the knee
6401.9900,Other
6402.1200,"Ski-boots, cross country ski footwear and snowboard boots"
6402.1900,Other
6402.2000,Footwear with upper straps or thongs assembled to the sole by means of plugs
6402.9100,Covering the ankle
6402.9900,Other
6403.1200,"Ski-boots, cross country ski footwear and snowboard boots"
6403.1900,Other
6403.2000,"Footwear with outer soles of leather, and uppers which consist of leather straps across the instep and around the big toe"
6403.4000,"Other footwear, incorporating a protective metal toe-cap - Other footwear with outer soles of leather"
6403.5100,Covering the ankle
6403.5900,Other - Other footwear
6403.9100,Covering the ankle
6403.9900,Other
6404.1100,"Sports footwear; tennis shoes, basketball shoes, gym shoes, training shoes and the like"
6404.1900,Other
6404.2000,Footwear with outer soles of leather or composition leather
6405.1000,With uppers of leather or composition leather
6405.2000,With uppers of textile materials - Other
6405.9010,Of canvas
6405.9090,Other
6406.1000,"Uppers and parts thereof, other than stiffeners - Outer soles and heels, of rubber or plastics"
6406.2010,Of rubber
6406.2090,Other
6406.9000,Other
6501.0000,"Hat-forms, hat bodies and hoods of felt, neither blocked to shape nor with made brims; plateaux and manchons (including slit manchons), of felt"
6502.0000,"Hat-shapes, plaited or made by assembling strips of any material, neither blocked to shape, nor with made brims, nor lined, nor trimmed"
6504.0010,Straw hats
6504.0090,Other
6505.0000,"Hats and other headgear, knitted or crocheted, or made up from lace, felt or other textile fabric, in the piece (but not in strips), whether or not lined or trimmed; hair-nets of any material, whether or not lined or trimmed"
6506.1000,Safety headgear - Other
6506.9100,Of rubber or of plastics
6506.9900,Of other materials
6507.0000,"Head-bands, linings, covers, hat foundations, hat frames, peaks and chinstraps, for headgear"
6601.1000,Garden or similar umbrellas - Other
6601.9100,Having a telescopic shaft
6601.9900,Other
6602.0010,Walking sticks and seat sticks
6602.0090,Other
6603.2000,Umbrella frames including frames mounted on shafts (sticks)
6603.9000,Other
6701.0000,"Skins and other parts of birds with their feathers or down, feathers, parts of feathers, down and articles thereof (other than goods of heading 05.05 and worked quills and scapes)"
6702.1000,Of plastics
6702.9000,Of other materials
6703.0000,"Human hair, dressed, thinned, bleached or otherwise worked; wool or other animal hair or other textile materials, prepared for use in making wigs or the like"
6704.1100,Complete wigs
6704.1900,Other
6704.2000,Of human hair
6704.9000,Of other materials
6801.0000,"Setts, curbstones and flagstones, of natural stone (except slate)"
6802.1000,"Tiles, cubes and similar articles, whether or not rectangular (including square), the largest face of which is capable of being enclosed in a square the side of which is less than 7 cm; artificially coloured granules, chippings and"
6802.2100,"Marble, travetine and alabaster"
6802.2300,Granite
6802.2900,Other stone - Other
6802.9100,"Marble, travertine and alabaster"
6802.9200,Other calcareous stone
6802.9300,Granite
6802.9900,Other stone
6803.0000,Worked slate and articles of slate or of agglomerated slate
6804.1000,"Millstones and grindstones for milling, grinding or pulping - Other millstones, grindstones, grinding wheels and the like"
6804.2100,Of agglomerated synthetic or natural diamond
6804.2200,Of other agglomerated abrasives or of ceramics
6804.2300,Of natural stone
6804.3000,Hand sharpening or polishing stones
6805.1000,On a base of woven textile fabric only
6805.2000,On a base of paper or paperboard only
6805.3000,On a base of other materials
6806.1000,"Slag wool, rock wool and similar mineral wools (including intermixtures thereof), in bulk, sheets or rolls"
6806.2000,"Exfoliated vermiculite, expanded clays, foamed slag and similar expanded mineral materials (including intermixtures thereof)"
6806.9000,Other
6807.1000,In rolls
6807.9000,Other
6808.0000,"Panels, boards, tiles, blocks and similar articles of vegetable fibre, of straw or of shavings, chips, particles, sawdust or other waste, of wood, agglomerated with cement, plaster or other mineral"
6809.1100,Faced or reinforced with paper or paperboard only
6809.1900,Other - Other articles
6809.9010,Industrial moulds
6809.9090,Other
6810.1100,Building blocks and bricks
6810.1900,Other - Other articles
6810.9100,Prefabricated structural components for building or civil engineering
6810.9900,Other
6811.4000,Containing asbestos - Not containing asbestos
6811.8100,Corrugated sheets
6811.8200,"Other sheets, panels, tiles and similar articles"
6811.8900,Other articles
6812.8000,Of crocidolite - Other
6812.9100,"Clothing, clothing accessories, footwear and headgear"
6812.9900,Other
6813.2010,For vehicles of heading 87.11
6813.2020,Other for motor cars and vehicles
6813.2090,Other - Not containing asbestos : - - Brake linings and pads
6813.8110,For vehicles of heading 87.11
6813.8120,Other for motor cars and vehicles
6813.8190,Other
6813.8900,Other
6814.1000,"Plates, sheets and strips of agglomerated or reconstituted mica, whether or not on a support"
6814.9000,Other
6815.1100,Carbon fibres
6815.1200,Fabrics of Carbon fibres
6815.1300,Other articles of Carbon fibres
6815.1900,Other
6815.2000,Articles of peat - Other articles
6815.9100,"Containing magnesite, magnesia in the form of periclase, dolomite including in the form of dolime, or chromite"
6815.9910,Of onyx (marbles)
6815.9990,"Other I.- GOODS OF SILICEOUS FOSSIL MEALS OR OF SIMILAR SILICEOUS EARTHS, AND REFRACTORY GOODS"
6901.0000,"Bricks, blocks, tiles and other ceramic goods of siliceous fossil meals (for example, kieselguhr, tripolite or diatomite) or of similar siliceous earths"
6902.1010,Capable of resisting temperatureupto 1600 oC
6902.1090,"Other - Containing by weight more than 50 % of alumina(Al2O3), of silica (SiO2) or of a mixture or compound of these products"
6902.2010,Capable of resisting temperature upto 1600 oC
6902.2090,Other - Other
6902.9010,Capable of resisting temperature upto 1600 oC
6902.9090,Other
6903.1000,Containing by weight more than 50 % of free carbon - Containing by weight more than 50 % of alumina (Al2O3) or of a mixture or compound of alumina and of silica (SiO2)
6903.2010,"Cold tundish lining sets, slide gate refractory sets & nozzles"
6903.2090,Other - Other
6903.9010,"Refractory products of a kind used in industrial ovens, kilns and furnaces"
6903.9020,Saggars and parts thereof
6903.9090,Other II.- OTHER CERAMIC PRODUCTS
6904.1000,Building bricks
6904.9000,Other
6905.1000,Roofing tiles
6905.9000,Other
6906.0000,"Ceramic pipes, conduits, guttering and pipe fittings"
6907.2111,Polished
6907.2119,Other
6907.2190,Other - - Of a water absorption coefficient by weight exceeding 0.5 % but not exceeding 10 %: - - - Tiles
6907.2211,Polished
6907.2219,Other
6907.2290,Other - - Of a water absorption coefficient by weight exceeding 10 %: - - - Tiles
6907.2311,Polished
6907.2319,Other
6907.2390,Other
6907.3000,"Mosaic cubes and the like, other than those of subheading 6907.40"
6907.4000,Finishing ceramics
6909.1100,Of porcelain or china
6909.1200,Articles having a hardness equivalent to 9 or more on the Mohs scale
6909.1900,Other
6909.9000,Other
6910.1010,Wash basin
6910.1020,Bath tubs ceramic
6910.1030,Bidets ceramic
6910.1040,Cisterns ceramic
6910.1050,Sink ceramic
6910.1060,Toilet ceramic
6910.1070,Urinals ceramic
6910.1080,Water loset pans
6910.1090,Other
6910.9000,Other
6911.1010,Dinner sets
6911.1020,Dishes
6911.1030,Plates
6911.1040,Tea cups and saucers
6911.1090,Other
6911.9000,Other
6912.0010,Tableware and kitchenware
6912.0090,Other
6913.1000,Of porcelain or china
6913.9000,Other
6914.1000,Of porcelain or china
6914.9000,Other
7001.0000,"Cullet and other waste and scrap of glass, excluding glass from cathode-ray tubes or other activated glass of heading 85.49; glass in the mass"
7002.1000,Balls
7002.2000,Rods - Tubes
7002.3100,Of fused quartz or other fused silica
7002.3200,Of other glass having a linear coefficient of expansion not exceeding 5x10-6 per Kelvin within a temperature range of 0oC to 300oC
7002.3910,Neutral glass tubing of a kind used for the manufacture of ampoules
7002.3920,"Glass tubing of a kind used for shell blowing, flare and exhaust solely or principally used by flourescent tube, bulb and auto bulb industry"
7002.3990,Other
7003.1200,"Coloured throughout the mass (body tinted), opacified, flashed or having an absorbent, reflecting or non-reflecting layer"
7003.1900,Other
7003.2000,Wired sheets
7003.3000,Profiles
7004.2000,"Glass, coloured throughout the mass (body tinted), opacified, flashed or having an absorbent, reflecting or non-reflecting layer"
7004.9000,Other glass
7005.1000,"Non-wired glass, having an absorbent, reflecting or non-reflecting layer"
7005.2100,"Coloured throughout the mass (body tinted), opacified, flashed or merely surface ground"
7005.2900,Other
7005.3000,Wired glass
7006.0010,Glass plates worked
7006.0020,Glass sheet worked
7006.0090,Other
7007.1111,"(1) Wind Screen, Rear and window glasses for vehicles of sub -heading 8704.2190 and 8704.3190. (2) Glasses for doors, glass plain, glass window (sliding), glass for rear door, glass for rear quarter window and glass"
7007.1119,Other
7007.1190,Other
7007.1900,"Other - Laminated safety glass: - - Of size and shape suitable for incorporation in vehicles, aircraft,spacecraft or vessels"
7007.2111,"(1) Wind Screen, Rear and window glasses for vehicles of sub -heading 8704.2190 and 8704.3190. (2) Glasses for doors, glass plain, glass window (sliding), glass for rear door, glass for rear quarter window and glass"
7007.2119,Other
7007.2190,Other
7007.2900,Other
7008.0000,Multiple-walled insulating units of glass
7009.1010,"Rear view mirrors for vehicles of heading 87.03, and vehicles of sub-headings 8704.3130, 8704.3150,"
7009.1090,Other - Other
7009.9100,Unframed
7009.9200,Framed
7010.1000,Ampoules
7010.2000,"Stoppers, lids and other closures"
7010.9000,Other
7011.1000,For electric lighting
7011.2000,For cathode-ray tubes
7011.9000,Other
7013.1000,"Of glass-ceramics - Stemware drinking glasses, other than of glass-ceramics"
7013.2200,Of lead crystal
7013.2800,"Other - Other drinking glasses, other than of glass ceramics"
7013.3300,Of lead crystal
7013.3700,"Other - Glassware of a kind used for table (other than drinking glasses) or kitchen purposes, other than of glass-ceramics"
7013.4100,Of lead crystal
7013.4200,Of glass having a linear coefficient of expansion not exceeding 5x10-6 per Kelvin within a temperature range of 0 °C to 300 °C
7013.4900,Other - Other glassware
7013.9100,Of lead crystal
7013.9900,Other
7014.0010,Glass for head lamps for vehicles of heading 87.11
7014.0020,Other for motor cars and vehicles
7014.0090,Other
7015.1000,Glasses for corrective spectacles
7015.9000,Other
7016.1000,"Glass cubes and other glass smallwares whether or not on a backing, for mosaics or similar decorative purposes"
7016.9000,Other
7017.1010,Quartz reactor tubes and holders designed for insertion into diffusion and oxidation furnaces for production of semiconductor wafers
7017.1020,Beakers
7017.1090,Other
7017.2000,Of other glass having a linear coefficient of expansion not exceeding 5x10-6 per Kelvin within a temperature range of 0oC to 300oC
7017.9000,Other
7018.1000,"Glass beads, imitation pearls, imitation precious or semi-precious stones and similar glass smallwares"
7018.2000,Glass microspheres not exceeding 1mm in diameter - Other
7018.9010,Glass eyes
7018.9090,Other
7019.1100,"Chopped strands, of a length of not more than 50 mm"
7019.1200,Rovings
7019.1300,"Other yarn, slivers"
7019.1400,Mechanically bonded mats
7019.1500,Chemically bonded mats
7019.1900,Other - Mechanically bonded fabrics
7019.6100,Closed woven Fabrics of rovings
7019.6200,Other Closed Fabrics of rovings
7019.6300,"Closed woven Fabrics, plain weave, of yarns, not coated or laminated"
7019.6400,"Closed woven Fabrics, plain weave, of yarns, coated or laminated"
7019.6500,Open woven fabrics of a width not exceeding 30 cm
7019.6600,Open woven fabrics of a width exceeding 30 cm - - Other
7019.6910,Tyre cord fabric
7019.6990,Other - Chemically bonded fabrics
7019.7100,Veils (thin sheets)
7019.7200,Other Closed Fabrics
7019.7300,Other Open Fabrics
7019.8000,Glass wool and articles of Glass wool - Other
7019.9010,Insulating sleeves
7019.9090,Other
7020.0010,Articles used for industrial purposes
7020.0020,For vacuum flasks
7020.0030,For other vacuum vessels
7020.0090,Other I.- NATURAL OR CULTURED PEARLS AND PRECIOUS OR SEMI-PRECIOUS STONES
7101.1000,Natural pearls - Cultured pearls
7101.2100,Unworked
7101.2200,Worked
7102.1000,Unsorted - Industrial
7102.2100,"Unworked or simply sawn, cleaved or bruted"
7102.2900,Other - Non-industrial
7102.3100,"Unworked or simply sawn, cleaved or bruted"
7102.3900,Other
7103.1000,Unworked or simply sawn or roughly shaped - Otherwise worked
7103.9100,"Rubies, sapphires and emeralds"
7103.9900,Other
7104.1000,"Piezo-electric quartz - Other, unworked or simply sawn or roughly shaped"
7104.2100,Diamonds
7104.2900,Other - Other
7104.9100,Diamonds
7104.9900,Other
7105.1000,Of diamond
7105.9000,Other II.- PRECIOUS METALS AND METALS CLAD WITH PRECIOUS METAL
7106.1000,Powder - Other: - - Unwrought
7106.9110,50 kg and above Rs.1 20/K g
7106.9190,Other - - Semi-manufactured
7106.9210,50 kg and above Rs.1 20/K g
7106.9290,Other
7107.0000,"Base metals clad with silver, not further worked than semi-manufactured"
7108.1100,Powder - - Other unwrought forms
7108.1210,5 Kg and above Rs.2 500/ Kg
7108.1290,Other - - Other semi-manufactured forms
7108.1310,5 Kg and above Rs.2 500/ Kg
7108.1390,Other - Monetary
7108.2010,5 Kg and above Rs.2 500/ Kg
7108.2090,Other
7109.0000,"Base metals or silver, clad with gold, not further worked than semi-manufactured"
7110.1100,Unwrought or in powder form
7110.1900,Other - Palladium
7110.2100,Unwrought or in powder form
7110.2900,Other - Rhodium
7110.3100,Unwrought or in powder form
7110.3900,"Other - Iridium, osmium and ruthenium"
7110.4100,Unwrought or in powder form
7110.4900,Other
7111.0000,"Base metals, silver or gold, clad with platinum, not further worked than semi-manufactured"
7112.3000,Ash containing precious metal or precious metal compounds
7112.9100,"Of gold, including metal clad with gold but excluding sweepings containing other precious metals"
7112.9200,"Of platinum, including metal clad with platinum but excluding sweepings containing other precious metals"
7112.9900,"Other III.- JEWELLERY, GOLDSMITHS' AND SILVERSMITHS' WARES AND OTHER ARTICLES"
7113.1100,"Of silver, whether or not plated or clad with other precious metal"
7113.1910,Of gold
7113.1920,Medals and medollion of precious metals
7113.1990,Other
7113.2000,Of base metal clad with precious metal
7114.1100,"Of silver, whether or not plated or clad with other precious metal"
7114.1900,"Of other precious metal, whether or not plated or clad with precious metal"
7114.2000,Of base metal clad with precious metal
7115.1000,"Catalysts in the form of wire cloth or grill, of platinum"
7115.9000,Other
7116.1000,Of natural or cultured pearls
7116.2000,"Of precious or semi-precious stones (natural, synthetic or reconstructed)"
7117.1100,Cuff-links and studs
7117.1900,Other
7117.9000,Other
7118.1000,"Coin (other than gold coin), not being legal tender"
7118.9000,Other I.- PRIMARY MATERIALS; PRODUCTS IN GRANULAR OR POWDER FORM
7201.1000,Non-alloy pig iron containing by weight 0.5 % or less of phosphorus
7201.2000,Non-alloy pig iron containing by weight more than 0.5 % of phosphorus
7201.5000,Alloy pig iron; spiegeleisen
7202.1100,Containing by weight more than 2 % of carbon
7202.1900,Other - Ferro-silicon
7202.2100,Containing by weight more than 55% of silicon
7202.2900,Other
7202.3000,Ferro-silico-managanese - Ferro-chromium
7202.4100,Containing by weight more than 4 % of carbon
7202.4900,Other
7202.5000,Ferro-silico-chromium
7202.6000,Ferro-nickel
7202.7000,Ferro-molybdenum
7202.8000,Ferro-tungsten and ferro-silico-tungsten - Other
7202.9100,Ferro-titanium and ferro-silicon-titanium
7202.9200,Ferro-vanadium
7202.9300,Ferro-niobium
7202.9900,Other
7203.1000,Ferrous products obtained by direct reduction of iron ore
7203.9000,Other
7204.1010,Re-rollable
7204.1020,Waste and scrap of auto parts
7204.1090,Other - Waste and scrap of alloy steel
7204.2100,Of stainless steel
7204.2900,Other
7204.3000,Waste and scrap of tinned iron or steel - Other waste and scrap
7204.4100,"Turnings, shavings, chips, milling waste, sawdust, filings, trimmings and stampings, whether or not in bundles"
7204.4910,Re-rollable
7204.4920,Waste and scrap of auto parts
7204.4930,Waste and scrap of auto parts in pressed bundle condition
7204.4940,Waste and scrap of compressors
7204.4990,Other
7204.5000,Remelting scrap ingots
7205.1000,Granules - Powders
7205.2100,Of alloy steel
7205.2900,Other II.- IRON AND NON-ALLOY STEEL
7206.1000,Ingots
7206.9000,Other
7207.1110,Billets
7207.1190,"Other - - Other, of rectangular (other than square) cross-section"
7207.1210,Billets
7207.1290,Other - - Other
7207.1910,Of a cross section 165 X 165 mm and above
7207.1920,Billets
7207.1990,Other - Containing by weight 0.25 % or more of carbon
7207.2010,Of a cross section 165 mm x 165 mm and above
7207.2020,Billets
7207.2090,Other
7208.1010,Of secondary quality
7208.1090,"Other - Other, in coils, not further worked than hot-rolled, pickled: - - Of a thickness of 4.75 mm or more"
7208.2510,Of secondary quality
7208.2590,Other - - Of a thickness of 3 mm or more but less than 4.75 mm
7208.2610,Of secondary quality
7208.2690,Other - - Of a thickness of less than 3 mm
7208.2710,Of secondary quality
7208.2790,"Other - Other, in coils, not further worked than hot-rolled: - - Of a thickness exceeding 10 mm"
7208.3610,Of secondary quality
7208.3690,Other - - Of a thickness of 4.75 mm or more but not exceeding 10 mm
7208.3710,Of secondary quality
7208.3790,Other - - Of a thickness of 3 mm or more but less than 4.75 mm
7208.3810,Of secondary quality
7208.3890,Other - - Of a thickness of less than 3 mm
7208.3910,Of secondary quality
7208.3990,"Other - Not in coils, not further worked than hot-rolled, with patterns in relief"
7208.4010,Of secondary quality
7208.4090,"Other - Other, not in coils, not further worked than hot-rolled: - - Of a thickness exceeding 10 mm"
7208.5110,Of secondary quality
7208.5190,Other - - Of a thickness of 4.75 mm or more but not exceeding 10 mm
7208.5210,Of secondary quality
7208.5290,Other - - Of a thickness of 3 mm or more but less than 4.75 mm
7208.5310,Of secondary quality
7208.5390,Other - - Of a thickness of less than 3 mm
7208.5410,Of secondary quality
7208.5490,Other - Other
7208.9010,Of secondary quality
7208.9090,Other
7209.1510,Of secondary quality
7209.1590,Other - - Of a thickness exceeding 1mm but less than 3 mm
7209.1610,Of secondary quality
7209.1690,Other - - Of a thickness of 0.5 mm or more but not exceeding 1 mm
7209.1710,Of secondary quality
7209.1790,Other - - Of a thickness of less than 0.5 mm
7209.1810,Of secondary quality - - - Other
7209.1891,Tin mill black plate of thickness 0.30 mm or less
7209.1899,"Other - Not in coils, not further worked than cold-rolled (cold-reduced): - - Of a thickness of 3 mm or more"
7209.2510,Of secondary quality
7209.2590,Other - - Of a thickness exceeding 1 mm but less than 3 mm
7209.2610,Of secondary quality
7209.2690,Other - - Of a thickness of 0.5 mm or more but not exceeding 1 mm
7209.2710,Of secondary quality
7209.2790,Other - - Of a thickness of less than 0.5 mm
7209.2810,Of secondary quality
7209.2890,Other - Other
7209.9010,Of secondary quality
7209.9090,Other
7210.1110,Of secondary quality
7210.1190,Other - - Of a thickness of less than 0.5 mm
7210.1210,Of secondary quality
7210.1290,"Other - Plated or coated with lead, including terne-plate"
7210.2010,Of secondary quality
7210.2090,Other - Electrolytically plated or coated with zinc
7210.3010,Of secondary quality
7210.3090,Other - Otherwise plated or coated with zinc: - - Corrugated
7210.4110,Of secondary quality
7210.4190,Other - - Other
7210.4910,Of secondary quality
7210.4990,Other - Plated or coated with chromium oxides or with chromium and chromium oxides
7210.5010,Of secondary quality
7210.5090,Other - Plated or coated with aluminium: - - Plated or coated with aluminium-zinc alloys
7210.6110,Of secondary quality
7210.6190,Other - - Other
7210.6910,Of secondary quality
7210.6990,"Other - Painted, varnished or coated with plastics"
7210.7010,VCM or PCM coated sheets of a thickness(excluding any coating) not exceeding 0.5 mm
7210.7020,Of secondary quality
7210.7090,Other - Other
7210.9010,Of secondary quality
7210.9090,Other
7211.1310,Of secondary quality
7211.1390,"Other - - Other, of a thickness of 4.75 mm or more"
7211.1410,Of secondary quality
7211.1490,Other - - Other
7211.1920,Of secondary quality
7211.1990,Other - Not further worked than cold-rolled (cold-reduced): - - Containing by weight less than 0.25 % of carbon
7211.2310,Of secondary quality
7211.2390,Other - - Other
7211.2910,Of secondary quality
7211.2920,Cold rolled steel strips of thickness below 0.5 mm and upto 100 mm wide
7211.2990,Other - Other
7211.9010,Of secondary quality
7211.9090,Other
7212.1000,Plated or coated with tin - Electrolytically plated or coated with zinc
7212.2010,Of secondary quality
7212.2090,Other - Otherwise plated or coated with zinc
7212.3010,Of secondary quality
7212.3090,"Other - Painted, varnished or coated with plastics"
7212.4010,Of secondary quality
7212.4090,Other - Otherwise plated or coated
7212.5010,Of secondary quality
7212.5090,Other - Clad
7212.6010,Of secondary quality
7212.6090,Other
7213.1010,Of secondary quality
7213.1090,"Other - Other, of free-cutting steel"
7213.2010,Of secondary quality
7213.2090,Other - Other: - - Of circular cross-section measuring less than 14 mm in diameter
7213.9110,Of secondary quality - - - Other
7213.9191,Of circular cross-section measuring less than 7 mm in diameter
7213.9199,Other - - Other
7213.9910,Of secondary quality
7213.9990,Other
7214.1010,Of secondary quality
7214.1090,"Other - Containing indentations, ribs, grooves or other deformations produced during the rolling process or twisted after rolling"
7214.2010,Of secondary quality
7214.2090,"Other - Other, of free-cutting steel"
7214.3010,Of secondary quality
7214.3090,Other - Other: - - Of rectangular (other than square) cross-section
7214.9110,Of secondary quality
7214.9190,Other - - Other
7214.9910,Of secondary quality
7214.9990,Other
7215.1010,Of secondary quality
7215.1090,"Other - Other, not further worked than cold-formed or cold-finished"
7215.5010,Of secondary quality
7215.5090,Other - Other
7215.9010,Of secondary quality
7215.9090,Other
7216.1000,"U, I or H sections, not further worked than hot-rolled, hot-drawn or extruded, of a height of less than 80 mm"
7216.2100,L sections
7216.2200,"T sections - U, I or H sections, not further worked than hot-rolled, hot-drawn or extruded of a height of 80 mm or more: - - U sections"
7216.3110,Of a height exceeding 150 mm
7216.3190,Other - - I sections
7216.3210,Of a height exceeding 200 mm
7216.3290,Other - - H sections
7216.3310,Of a height exceeding 250 mm
7216.3390,"Other - L or T sections, not further worked than hot-rolled, hot-drawn or extruded, of a height of 80 mm or more"
7216.4010,Of a height exceeding 150 mm
7216.4090,Other
7216.5000,"Other angles, shapes and sections, not further worked than hot-rolled, hot-drawn or extruded"
7216.6100,Obtained from flat-rolled products
7216.6900,Other - Other
7216.9100,Cold-formed or cold-finished from flat-rolled products
7216.9900,Other
7217.1000,"Not plated or coated, whether or not polished"
7217.2000,Plated or coated with zinc - Plated or coated with other base metals
7217.3010,Of a kind used in manufacture of pneumatic tyres(bead wire)
7217.3020,Steel cord wire of specification swg-20 to 34
7217.3090,Other
7217.9000,Other III.- STAINLESS STEEL
7218.1000,Ingots and other primary forms - Other
7218.9100,Of rectangular (other than square) cross-section
7218.9900,Other
7219.1100,Of a thickness exceeding 10 mm
7219.1200,Of a thickness of 4.75 mm or more but not exceeding mm
7219.1300,Of a thickness of 3 mm or more but less than 4.75 mm
7219.1400,"Of a thickness of less than 3 mm - Not further worked than hot-rolled, not in coils"
7219.2100,Of a thickness exceeding 10 mm
7219.2200,Of a thickness of 4.75 mm or more but not exceeding mm
7219.2310,"Of a width up to 700 mm, thickness up to 4mm of Series 200, 301, 303, 304, 304L, 316, 316L, 410, 420 & 430"
7219.2390,Other - - Of a thickness of less than 3 mm
7219.2410,"Of a width up to 700 mm, of Series 200, 301, 303, 304, 304L, 316, 316L, 410, 420 & 430"
7219.2490,Other - Not further worked than cold-rolled (cold-reduced)
7219.3100,Of a thickness of 4.75 mm or more - - Of a thickness of 3 mm or more but less than 4.75 mm
7219.3210,"Of a width up to 700 mm, thickness up to 4mm of Series 200, 301, 303, 304, 304L, 316, 316L, 410, 420 & 430"
7219.3290,Other - - Of a thickness exceeding 1 mm but less than 3 mm
7219.3310,"Of a width up to 700 mm, of Series 200, 301, 303, 304, 304L, 316, 316L, 410, 420 & 430"
7219.3390,Other - - Of a thickness of 0.5 mm or more but not exceeding 1 mm
7219.3410,"Of a width up to 700 mm, of Series 200, 301, 303, 304, 304L, 316, 316L, 410, 420 & 430"
7219.3490,Other - - Of a thickness of less than 0.5 mm
7219.3510,"Of a width up to 700 mm, thickness up to 4mm of Series 200, 301, 303, 304, 304L, 316, 316L, 410, 420 & 430"
7219.3590,Other - Other
7219.9010,Sheets in circular shape of all sizes
7219.9090,Other
7220.1100,Of a thickness of 4.75 mm or more - - Of a thickness of less than 4.75 mm
7220.1210,"Of a thickness up to 4mm of Series 200, 301, 303, 304, 304L, 316, 316L, 410, 420 & 430"
7220.1290,Other - Not further worked than cold-rolled (cold-reduced)
7220.2010,"Of a thickness up to 4mm of Series 200, 301, 303, 304, 304L, 316, 316L, 410, 420 & 430"
7220.2090,Other - Other
7220.9010,"Of a thickness up to 4mm of Series 200, 301, 303, 304, 304L, 316, 316L, 410, 420 & 430"
7220.9090,Other
7221.0010,"Of a width 50mm or more, but not exceeding 200mm of Series 200, 301, 303, 304, 304L, 316, 316L, 410, 420 & 430"
7221.0090,Other
7222.1100,Of circular cross-section
7222.1900,Other
7222.2000,"Bars and rods, not further worked than cold-formed or cold-finished"
7222.3000,Other bars and rods
7222.4000,"Angles, shapes and sections"
7223.0000,"Wire of stainless steel. IV.- OTHER ALLOY STEEL; HOLLOW DRILL BARS AND RODS, OF ALLOY OR NON-ALLOY STEEL"
7224.1000,Ingots and other primary forms
7224.9000,Other
7225.1100,Grain-oriented
7225.1900,Other
7225.3000,"Other, not further worked than hot-rolled, in coils"
7225.4000,"Other, not further worked than hot-rolled, not in coils"
7225.5000,"Other, not further worked than cold-rolled (cold-reduced) - Other"
7225.9100,Electrolytically plated or coated with zinc
7225.9200,Otherwise plated or coated with zinc
7225.9900,Other
7226.1100,Grain-oriented
7226.1900,Other
7226.2000,Of high speed steel - Other
7226.9100,Not further worked than hot-rolled
7226.9200,Not further worked than cold-rolled (cold-reduced)
7226.9900,Other
7227.1000,Of high speed steel
7227.2000,Of silico-manganese steel - Other
7227.9010,Of circular cross-section measuring less than 7 mm in diameter
7227.9090,Other
7228.1000,"Bars and rods, of high speed steel - Bars and rods, of silico-manganese steel"
7228.2010,Spring steel(SUP - 9 and equivalent)
7228.2090,"Other - Other bars and rods, not further worked than hot-rolled, hot-drawn or extruded"
7228.3010,"Case Hardening Steel (conforming to AISI-8620, 20MnCr5, SCM series and equivalent"
7228.3090,Other
7228.4000,"Other bars rods, not further worked than forged"
7228.5000,"Other bars and rods, not further worked than cold-formed or cold-finished"
7228.6000,Other bars and rods
7228.7000,"Angles, shapes and sections"
7228.8000,Hollow drill bars and rods
7229.2000,Of silico-manganese steel
7229.9000,Other
7301.1000,Sheet piling
7301.2000,"Angles, shapes and sections"
7302.1000,Rails
7302.3000,"Switch blades, crossing frogs, point rods and other crossing pieces"
7302.4000,Fish-plates and sole plates
7302.9000,Other
7303.0000,"Tubes, pipes and hollow profiles, of cast iron"
7304.1100,Of stainless steel
7304.1900,"Other - Casing, tubing and drill pipe, of a kind used in drilling for oil or gas"
7304.2200,Drill pipe of stainless steel
7304.2300,Other drill pipe
7304.2400,"Other, of stainless steel"
7304.2900,"Other - Other, of circular cross-section, of iron or non-alloy steel"
7304.3100,Cold-drawn or cold-rolled (cold-reduced)
7304.3900,"Other - Other, of circular cross-section, of stainless steel"
7304.4100,Cold-drawn or cold-rolled (cold-reduced)
7304.4900,"Other - Other, of circular cross-section, of other alloy steel"
7304.5100,Cold-drawn or cold-rolled (cold-reduced)
7304.5900,Other
7304.9000,Other
7305.1100,Longitudinally submerged arc welded
7305.1200,"Other, longitudinally welded"
7305.1900,Other
7305.2000,"Casing of a kind used in drilling for oil or gas - Other, welded"
7305.3100,Longitudinally welded
7305.3900,Other
7305.9000,Other
7306.1100,"Welded, of stainless steel"
7306.1900,Other - Casing and tubing of a kind used in drilling for oil or gas
7306.2100,"Welded, of stainless steel"
7306.2900,"Other - Other, welded, of circular cross-section, of iron or non-alloy steel"
7306.3010,Copper coated mild steel tubes upto 8.5 mm dia
7306.3090,Other
7306.4000,"Other, welded, of circular cross-section, of stainless steel"
7306.5000,"Other, welded, of circular cross-section, of other alloy steel"
7306.6100,Of square or rectangular cross-section
7306.6900,Of other non-circular cross-section
7306.9000,Other
7307.1110,In conformance to NACE certification as per MR-175
7307.1190,Other - - Other
7307.1910,In conformance to NACE certification as per MR-175
7307.1920,Semi finished malleable iron pipe fittings
7307.1990,"Other - Other, of stainless steel"
7307.2100,Flanges
7307.2200,"Threaded elbows, bends and sleeves"
7307.2300,Butt welding fittings
7307.2900,Other - Other: - - Flanges
7307.9110,Flanges for air intake pipes for agricultural tractors (upto 60 kW) of sub - headings 8701.9220 and 8701.9320
7307.9120,Other for motor cars and vehicles
7307.9190,Other
7307.9200,"Threaded elbows, bends and sleeves"
7307.9300,Butt welding fittings
7307.9900,Other
7308.1000,Bridges and bridge sections
7308.2000,Towers and lattice masts
7308.3000,"Doors, windows and their frames and thresholds for doors"
7308.4000,"Equipment for scaffolding, shuttering, propping or pitpropping"
7308.9010,"Pillars, Columns, Plates, Rods, angles and Sections prepared for use in structures"
7308.9020,"Gangways, girders, hangars, masts, hoists"
7308.9090,Other
7309.0000,"Reservoirs, tanks, vats and similar containers for any material (other than compressed or liquefied gas), of iron or steel, of a capacity exceeding 300 l, whether or not lined or heat-insulated, but not fitted with"
7310.1000,Of a capacity of 50 l or more - Of a capacity of less than 50 l
7310.2100,Cans which are to be closed by soldering or crimping
7310.2900,Other
7311.0010,For CNG
7311.0020,For LPG
7311.0030,For cryogenic
7311.0040,For aerosol products
7311.0090,Other
7312.1010,Wire
7312.1020,Rope
7312.1090,Other - Other
7312.9010,Steel cord brass plated of a kind used in manufacture of pneumatic tyres
7312.9090,Other
7313.0000,"Barbed wire of iron or steel; twisted hoop or single flat wire, barbed or not, and loosely twisted double wire, of a kind used for fencing, of iron or steel"
7314.1200,"Endless bands for machinery, of stainless steel"
7314.1400,"Other woven cloth, of stainless steel - - Other"
7314.1910,Steel cord fabric of kind used in manufacture of tyres
7314.1920,Other endless bands for machinery
7314.1990,Other
7314.2000,"Grill, netting and fencing, welded at the inter-section, of wire with a maximum cross-sectional dimension of 3 mm or more and having a mesh size of 100 cm2 or more"
7314.3100,Plated or coated with zinc
7314.3900,"Other - Other cloth, grill, netting and fencing"
7314.4100,Plated or coated with zinc
7314.4200,Coated with plastics
7314.4900,Other
7314.5000,Expanded metal
7315.1110,For vehicles of chapter 87
7315.1120,Chain for bicycles of heading 87.12
7315.1190,Other
7315.1200,Other chain - - Parts
7315.1910,Adjuster for chain for vehicles of heading 87.11
7315.1920,Other for motor cars and vehicles
7315.1990,Other
7315.2000,Skid chain - Other chain
7315.8100,Stud-link
7315.8200,"Other, welded link"
7315.8900,Other
7315.9000,Other parts
7316.0000,"Anchors, grapnels and parts thereof, of iron or steel"
7317.0010,Nails
7317.0020,Tacks
7317.0030,Drawing pins
7317.0090,Other
7318.1100,Coach screws
7318.1200,Other wood screws
7318.1300,Screw hooks and screw rings
7318.1400,"Self-tapping screws - - Other screws and bolts, whether or not with their nuts or washers"
7318.1510,High tensile (DIN Grade 8.8. ASTM A325 or ASTM A 193 B7)
7318.1520,U Bolts for leaf springs for vehicles of chapter 87
7318.1590,Other - - Nuts
7318.1610,High tensile (DIN Grade 8.8. ASTM A325 or ASTM A 193 B7)
7318.1620,Wheel nuts for vehicles of chapter 87
7318.1690,Other
7318.1900,Other - Non-threaded articles: - - Spring washers and other lock washers
7318.2110,High tensile (DIN Grade 8.8. ASTM A325 or ASTM A 193 B7)
7318.2190,Other - - Other washers
7318.2210,Thrust washers for vehicles of chapter 87
7318.2220,Washer kick starter knuckle for vehicle of heading
7318.2290,Other
7318.2300,Rivets
7318.2400,Cotters and cotter-pins
7318.2900,Other
7319.4000,Safety pins and other pins - Other
7319.9010,"Sewing, darning or embroidery needles"
7319.9090,Other
7320.1010,"For motor cars of heading 87.03 and vehicles of sub-headings 8703.2113, 8703.2193, 8703.2195, 8703.2240,"
7320.1020,For vehicles of heading 87.02 and sub-headings
7320.1030,Following components for vehicle of heading 87.11:- (A) For front shocks: (1) Spring front fork (2) Spring rebound front fork
7320.1090,Other
7320.2000,Helical springs - Other
7320.9010,Of a kind solely and principally used in manufacture of video cassettes
7320.9020,Control spring for hydraulic lift for agricultural tractors of sub - headings 8701.9220 and 8701.9320
7320.9090,Other
7321.1111,In CKD/SKD condition
7321.1119,Other
7321.1190,Other
7321.1200,For liquid fuel
7321.1900,"Other, including appliances for solid fuel - Other appliances"
7321.8100,For gas fuel or for both gas and other fuels
7321.8200,For liquid fuel
7321.8900,"Other, including appliances for solid fuel"
7321.9000,Parts
7322.1100,Of cast iron
7322.1900,Other - Other
7322.9010,Air heaters and hot air distributors
7322.9090,Other
7323.1000,"Iron or steel wool; pot scourers and scouring or polishing pads, gloves and the like"
7323.9100,"Of cast iron, not enamelled"
7323.9200,"Of cast iron, enamelled"
7323.9300,Of stainless steel
7323.9400,"Of iron (other than cast iron) or steel, enamelled"
7323.9900,Other
7324.1010,Sinks
7324.1020,Wash basins - Baths
7324.2100,"Of cast iron, whether or not enamelled"
7324.2900,Other
7324.9000,"Other, including parts"
7325.1000,Of non-malleable cast iron - Other
7325.9100,Grinding balls and similar articles for mills
7325.9900,Other
7326.1100,Grinding balls and similar articles for mills - - Other: - - - Forgings of crank shaft
7326.1911,Upto 10 Kg
7326.1919,Other
7326.1920,Forgings of surgical & dental instruments
7326.1930,Steel forgings exceeding 150kg
7326.1990,Other
7326.2000,Articles of iron or steel wire - Other
7326.9010,X-ray film hangers
7326.9020,Tool box for agricultural tractors of sub - headings
7326.9030,Shoe lasts
7326.9040,Steel balls not exceeding 1mm diameter
7326.9050,"Clips, brackets, stays and other steel fittings for electrical wiring"
7326.9060,"Clamps, hose clips, hangers other than electrical wiring"
7326.9070,"Cosmetics or powder boxes and cases, cigarette cases and tobacco boxes, waste paper baskets"
7326.9090,Other
7401.0000,Copper mattes; cement copper (precipitated copper)
7402.0000,Unrefined copper; copper anodes for electrolytic refining
7403.1100,Cathodes and sections of cathodes
7403.1200,Wire-bars
7403.1300,Billets
7403.1900,Other - Copper alloys
7403.2100,Copper-zinc base alloys (brass)
7403.2200,Copper-tin base alloys (bronze)
7403.2900,Other copper alloys (other than master alloys of heading
7404.0010,Brass scrap
7404.0090,Other
7405.0000,Master alloys of copper
7406.1000,Powders of non-lameller structure
7406.2000,Powders of lameller structure; flakes
7407.1010,Bars
7407.1020,Rods
7407.1030,Twisted copper bars
7407.1040,Busbars of electrolytic grade of 99.9 % purity
7407.1090,Other - Of copper alloys
7407.2100,Of copper-zinc base alloys (brass)
7407.2900,Other
7408.1100,Of which the maximum cross-sectional dimension exceeds 6 mm
7408.1900,Other - Of copper alloys
7408.2100,Of copper-zinc base alloys (brass)
7408.2200,Of copper-nickel base alloys (cupro-nickel) or copper-nickel-zinc base alloys (nickel silver)
7408.2900,Other
7409.1100,In coils - - Other
7409.1910,Busbars of electrolytic grade of 99.9% purity
7409.1990,Other - Of copper-zinc base alloys (brass)
7409.2100,In coils
7409.2900,Other - Of copper-tin base alloys (bronze)
7409.3100,In coils
7409.3900,Other
7409.4000,Of copper-nickel base alloys (cupro-nickel) or copper-nickel-zinc base alloys (nickel silver)
7409.9000,Of other copper alloys
7410.1100,Of refined copper
7410.1200,Of copper alloys - Backed
7410.2100,Of refined copper
7410.2200,Of copper alloys
7411.1010,Capillary tube of diameter upto 2.25 mm
7411.1020,Internally grooved tubes
7411.1090,Other - Of copper alloys
7411.2100,Of copper-zinc base alloys(brass)
7411.2200,Of copper-nickel base alloys (cupro-nickel) or copper-nickel-zinc base alloys (nickel silver)
7411.2900,Other
7412.1000,Of refined copper
7412.2000,Of copper alloys
7413.0000,"Stranded wire, cables, plaited bands and the like, of copper, not electrically insulated"
7415.1000,"Nails and tacks, drawing pins, staples and similar articles - Other articles, not threaded"
7415.2100,Washers (including spring washers)
7415.2900,Other - Other threaded articles
7415.3300,Screws; bolts and nuts
7415.3900,Other
7418.1000,"Table, kitchen or other household articles and parts thereof; pot scourers and scouring or polishing pads, gloves and the like"
7418.2000,Sanitary ware and parts thereof
7419.2000,"Cast, moulded, stamped or forged, but not further worked - Other"
7419.8010,Copper springs
7419.8090,Other
7501.1000,Nickel mattes
7501.2000,Nickel oxide sinters and other intermediate products of nickel metallurgy
7502.1000,"Nickel, not alloyed"
7502.2000,Nickel alloys
7503.0000,Nickel waste and scrap
7504.0000,Nickel powders and flakes
7505.1100,"Of nickel, not alloyed"
7505.1200,Of nickel alloys - Wire
7505.2100,"Of nickel, not alloyed"
7505.2200,Of nickel alloys
7506.1000,"Of nickel, not alloyed"
7506.2000,Of nickel alloys
7507.1100,"Of nickel, not alloyed"
7507.1200,Of nickel alloys
7507.2000,Tube or pipe fittings
7508.1000,"Cloth, grill and netting, of nickel wire - Other"
7508.9010,Nickel rotary printing screen
7508.9090,Other
7601.1000,"Aluminium, not alloyed"
7601.2000,Aluminium alloys
7602.0010,Of auto parts
7602.0090,Other
7603.1000,Powders of non-lameller structure
7603.2000,Powders of lamellar structure; flakes
7604.1010,Bars and rods
7604.1090,Profiles - Of aluminium alloys
7604.2100,Hollow profiles - - Other
7604.2910,Bars and rods
7604.2920,With cladding for noclock brazing
7604.2990,Profiles
7605.1100,Of which the maximum cross-sectional dimension exceeds 7 mm
7605.1900,Other - Of aluminium alloys
7605.2100,Of which the maximum cross-sectional dimension exceeds 7 mm
7605.2900,Other
7606.1100,"Of aluminium, not alloyed"
7606.1200,"Of aluminium alloys - Other: - - Of aluminium, not alloyed"
7606.9110,"Aluminum sheet, anodized/polyurethene coated"
7606.9190,Other - - Of aluminium alloys
7606.9210,"Aluminium sheet, anodized/polyurethene coated"
7606.9290,Other
7607.1100,Rolled but not further worked - - Other
7607.1910,Adhesive tape
7607.1920,Printed aluminium foil
7607.1990,Other
7607.2000,Backed
7608.1000,"Of aluminium, not alloyed"
7608.2000,Of aluminium alloys
7609.0000,"Aluminium tube or pipe fittings (for example, couplings,elbows, sleeves)"
7610.1000,"Doors, windows and their frames and thresholds for doors"
7610.9000,Other
7611.0000,"Aluminium reservoirs tanks, vats and similar containers, for any material (other than compressed or liquefied gas), of a capacity exceeding 300 l, whether or not lined or heat-insulated, but not fitted with"
7612.1000,Collapsible tubular containers - Other
7612.9020,Oval cans of all sizes
7612.9030,Round cans of a capacity upto 300 mL
7612.9040,Other round cans
7612.9090,Other
7613.0010,Aerosol cans without valves and covers
7613.0090,Other
7614.1000,With steel core
7614.9000,Other
7615.1000,"Table, kitchen or other household articles and parts thereof; pot scourers and scouring or polishing pads, gloves and the like"
7615.2000,Sanitary ware and parts thereof
7616.1000,"Nails, tacks, staples (other than those of heading 83.05), screws, bolts, nuts, screw hooks, rivets, cotters, cotter-pins, washers and similar articles"
7616.9100,"Cloth, grill, netting and fencing, of aluminium wire - - Other"
7616.9910,Castings and forgings
7616.9920,Aluminium slugs
7616.9930,Pencil ferrules
7616.9990,Other
7801.1000,Refined lead - Other
7801.9100,Containing by weight antimony as the principal other element
7801.9900,Other
7802.0000,Lead waste and scrap
7804.1100,"Sheets, strip and foil of a thickness (excluding any backing) not exceeding 0.2 mm"
7804.1900,Other
7804.2000,Powders and flakes
7806.0010,Wire
7806.0020,"Lead tubes, pipes and tube or pipe fittings (for example, couplings, elbows, sleeves)"
7806.0090,Other
7901.1100,Containing by weight
7901.1200,Containing by weight less than
7901.2000,Zinc alloys
7902.0000,Zinc waste and scrap
7903.1000,Zinc dust
7903.9000,Other
7904.0010,Wire
7904.0090,Other
7905.0000,"Zinc plates, sheets, strip and foil"
7907.0010,Zinc slugs for dry battery cell containers
7907.0020,Anodes
7907.0090,Other
8001.1000,"Tin, not alloyed"
8001.2000,Tin alloys
8002.0000,Tin waste and scrap
8003.0000,"Tin bars, rods, profiles and wire"
8007.0010,"Tin plates, sheets and strip, of a thickness exceeding 0.2 mm"
8007.0020,"Tin foil (whether or not printed or backed with paper, paperboard, plastics or similar backing materials), of a thickness (excluding any backing) not exceeding 0.2 mm; tin powders and flakes"
8007.0030,"Tin tubes, pipes and tube or pipe fittings (for example, couplings, elbows, sleeves)"
8007.0090,Other
8101.1000,Powders - Other
8101.9400,"Unwrought tungsten, including bars and rods obtained simply by sintering"
8101.9600,Wire
8101.9700,Waste and scrap - - Other
8101.9910,"Bars and rods, other than those obtained simply by sintering, profiles, plates, sheets, strip and foil"
8101.9990,Other
8102.1000,Powders - Other
8102.9400,"Unwrought molybdenum, including bars and rods obtained simply by sintering"
8102.9500,"Bars and rods, other than those obtained simply by sintering, profiles, plates, sheets, strip and foil"
8102.9600,Wire
8102.9700,Waste and scrap
8102.9900,Other
8103.2000,"Unwrought tantalum, including bars and rods obtained simply by sintering; powders"
8103.3000,Waste and scrap - Other
8103.9100,Crucibles
8103.9900,Other
8104.1100,Containing at least 99.8 % by weight of magnesium
8104.1900,Other
8104.2000,Waste and scrap
8104.3000,"Raspings, turnings and granules, graded according to size; powders"
8104.9000,Other
8105.2000,Cobalt mattes and other intermediate products of cobalt metallurgy; unwrought cobalt; powders
8105.3000,Waste and scrap
8105.9000,Other
8106.1000,Containing more than
8106.9000,Other
8108.2000,Unwrought titanium; powders
8108.3000,Waste and scrap
8108.9000,Other
8109.2100,Containing less than 1 part hafnium to 500 parts zirconium by weight
8109.2900,Other - Waste and scrap
8109.3100,Containing less than 1 part hafnium to 500 parts zirconium by weight
8109.3900,Other - Other
8109.9100,Containing less than 1 part hafnium to 500 parts zirconium by weight
8109.9900,Other
8110.1000,Unwrought antimony; powders
8110.2000,Waste and scrap
8110.9000,Other
8111.0000,"Manganese and articles thereof, including waste and scrap"
8112.1200,Unwrought; powders
8112.1300,Waste and scrap
8112.1900,Other - Chromium
8112.2100,Unwrought; powders
8112.2200,Waste and scrap
8112.2900,Other - Hafnium
8112.3100,Unwrought; waste and scrap; powders
8112.3900,Other - Rhenium
8112.4100,Unwrought; waste and scrap; powders
8112.4900,Other - Thallium
8112.5100,Unwrought; powders
8112.5200,Waste and scrap
8112.5900,Other - Cadmium
8112.6100,Waste and scrap
8112.6900,Other - Other
8112.9200,Unwrought; waste and scrap; powders
8112.9900,Other
8113.0000,"Cermets and articles thereof, including waste and scrap"
8201.1000,Spades and shovels
8201.3000,"Mattocks, picks, hoes and rakes"
8201.4000,"Axes, bill hooks and similar hewing tools"
8201.5000,Secateurs and similar one-handed pruners and shears (including poultry shears)
8201.6000,"Hedge shears, two-handed pruning shears and similar two-handed shears"
8201.9000,"Other hand tools of a kind used in agriculture, horticulture or forestry"
8202.1000,Hand saws
8202.2000,Band saw blades - Circular saw blades (including slitting or slotting saw blades)
8202.3100,With working part of steel
8202.3900,"Other, including parts"
8202.4000,Chain saw blades - Other saw blades
8202.9100,"Straight saw blades, for working metal - - Other"
8202.9910,Ginsaw blades
8202.9990,Other
8203.1000,"Files, rasps and similar tools"
8203.2000,"Pliers (including cutting pliers), pincers, tweezers and similar tools"
8203.3000,Metal cutting shears and similar tools
8203.4000,"Pipe-cutters, bolt croppers, perforating punches and similar tools"
8204.1100,Non-adjustable
8204.1200,Adjustable
8204.2000,"Interchangeable spanner sockets, with or without handles"
8205.1000,"Drilling, threading or tapping tools"
8205.2000,Hammers and sledge hammers
8205.3000,"Planes, chisels, guages and similar cutting tools for working wood"
8205.4000,Screwdrivers - Other hand tools (including glaziers' diamonds)
8205.5100,Household tools
8205.5900,Other
8205.6000,Blow lamps
8205.7000,"Vices, clamps and the like"
8205.9000,"Other, including sets of articles of two or more subheadings of this heading"
8206.0010,"For vehicles of heading 87.03 and vehicles of subheadings 8704.2190, 8704.3130, 8704.3150 and"
8206.0020,For vehicles of heading 87.02 and sub-headings
8206.0030,Other for motor cars and vehicles
8206.0090,Other
8207.1300,With working part of cermets
8207.1900,"Other, including parts"
8207.2000,Dies for drawing or extruding metal
8207.3000,"Tools for pressing, stamping or punching"
8207.4000,"Tools for trapping or threading - Tools for drilling, other than for rock drilling"
8207.5010,Drills other than parallel or straight shank twist drills
8207.5090,Other
8207.6000,Tools for boring or broaching
8207.7000,Tools for milling
8207.8000,Tools for turning
8207.9000,Other interchangeable tools
8208.1000,For metal working
8208.2000,For wood working
8208.3000,For kitchen appliances or for machines used by the food industry
8208.4000,"For agricultural, horticultural or forestry machines - Other"
8208.9010,Knives and cutting blades for paper and paper board
8208.9020,Die steel
8208.9090,Other
8209.0000,"Plates, sticks, tips and the like for tools, unmounted, of cermets"
8210.0000,"Hand-operated mechanical appliances, weighing 10 kg or less, used in the preparation, conditioning or serving of food or drink"
8211.1000,Sets of assorted articles - Other
8211.9100,Table knives having fixed blades
8211.9200,Other knives having fixed blades
8211.9300,Knives having other than fixed blades
8211.9400,Blades
8211.9500,Handles of base metal
8212.1000,Razors
8212.2000,"Safety razor blades, including razor blade blanks in strips"
8212.9000,Other parts
8213.0000,"Scissors, tailors' shears and similar shears, and blades therefor"
8214.1000,"Paper knives, letter openers, erasing knives, pencil sharpeners and blades therefor"
8214.2000,Manicure or pedicure sets and instruments (including nail files)
8214.9000,Other
8215.1000,Sets of assorted articles containing at least one article plated with precious metal
8215.2000,Other sets of assorted articles - Other
8215.9100,Plated with precious metal - - Other
8215.9910,Spoons
8215.9920,Forks
8215.9990,Other
8301.1000,Padlocks - Locks of a kind used for motor vehicles
8301.2010,"Door locks for vehicles of sub - heading 8704.3190; Locks, meant for vehicles of heading 87.11"
8301.2090,Other
8301.3000,Locks of a kind used for furniture
8301.4000,Other locks
8301.5000,"Clasps and frames with clasps, incorporating locks"
8301.6000,Parts
8301.7000,Keys presented separately
8302.1010,"Of a kind used in vehicles for doors, luggage compartment, luggage compartment lid, seats, bonnet, rear deck for vehicles of"
8302.1020,Of a kind used in doors of vehicles of heading
8302.1030,Other for motor cars and vehicles
8302.1090,Other
8302.2000,"Castors - Other mountings, fittings and similar articles suitable for motor vehicles"
8302.3010,"(1) Latch assembly for hood/doors (manual type) of a kind used in vehicles for doors, luggage compartment lid and bonnet, for motor cars of heading 87.03 and vehicles of sub-heading 8703.2113, 8703.2195, 8703.2240 ( except"
8302.3020,"Window opening mechanism, rack and pinion type for vehicles of sub-heading 8704.2219"
8302.3090,"Other - Other mountings, fittings and similar articles"
8302.4100,Suitable for buildings
8302.4200,"Other, suitable for furniture"
8302.4900,Other
8302.5000,"Hat-racks, hat-pegs, brackets and similar fixtures"
8302.6000,Automatic door closers
8303.0000,"Armoured or reinforced safes, strong-boxes and doors and safe deposit lockers for strong-rooms, cash or deed boxes and the like, of base metal"
8304.0000,"Filing cabinets, card-index cabinets, paper trays, paper rests, pen trays, office-stamp stands and similar office or desk equipment, of base metal, other than office furniture of heading 94.03"
8305.1000,Fittings for loose-leaf binders or files
8305.2000,Staples in strips
8305.9000,"Other, including parts"
8306.1000,"Bells, gongs and the like - Statuettes and other ornaments"
8306.2100,Plated with precious metal
8306.2900,Other
8306.3000,"Photograph, picture or similar frames; mirrors"
8307.1000,Of iron or steel
8307.9000,Of other base metal
8308.1010,Hooks
8308.1020,Eyes and elyelets
8308.2000,"Tubular or bifurcated rivets - Other, including parts"
8308.9010,Clasps
8308.9020,Buckle
8308.9030,Frames of hand bags and purses
8308.9090,Other
8309.1000,Crown corks - Other
8309.9010,Aluminium lids for cans of carbonated soft drinks
8309.9090,Other
8310.0010,Number plate assembly and parts thereof for agricultural tractors of sub - headings 8701.9220 and
8310.0020,Number plates assembly and parts thereof for vehicles of heading 87.11
8310.0030,Number plates assembly and parts thereof for other motor cars and vehicles
8310.0090,Other
8311.1000,"Coated electrodes of base metal, for electric arc-welding"
8311.2000,"Cored wired of base metal, for electric arc-welding"
8311.3000,"Coated rods and cored wire, of base metal, for soldering, brazing or welding by flame"
8311.9000,Other
8401.1000,Nuclear reactors
8401.2000,"Machinery and apparatus for isotopic separation, and parts thereof"
8401.3000,Fuel elements (cartridges) non-irradiated
8401.4000,Parts of nuclear reactors
8402.1110,With a steam production exceeding 45 t but not more than 350 t per hour and 80 kg per cm2 pressure
8402.1120,Waste heat boilers (WHB's)
8402.1130,Heat recovery steam generators (HRSG's)
8402.1190,Other
8402.1200,Watertube boilers with a steam production not exceeding 45 t per hour
8402.1910,Firetube boilers
8402.1920,Waste heat boilers (WHB's)
8402.1930,Heat recovery steam generators (HRSG's)
8402.1990,Other
8402.2000,Super-heated water boilers - Parts
8402.9010,For machines of heading 8402.1190
8402.9020,For machines of heading 8402.1990
8402.9090,Other
8403.1000,Boilers
8403.9000,Parts
8404.1000,Auxiliary plants for use with boilers of heading 84.02 or
8404.2000,Condensers for steam or other vapour power units - Parts
8404.9010,For machines of heading 8404.1000
8404.9090,Other
8405.1000,"Producer gas or water gas generators, with or without their purifiers; acetylene gas generators and similar water process gas generators, with or without their purifiers"
8405.9000,Parts
8406.1000,Turbines for marine propulsion - Other turbines
8406.8100,Of an output exceeding 40 MW
8406.8200,Of an output not exceeding 40 MW
8406.9000,Parts
8407.1000,Aircraft engines - Marine propulsion engines
8407.2100,Outboard motors
8407.2900,Other - Reciprocating piston engines of a kind used for the propulsion of vehicles of chapter 87: - - Of a cylinder capacity not exceeding 50 cc
8407.3110,For vehicles of heading 87.11
8407.3190,Other - - Of a cylinder capacity exceeding 50 cc but not exceeding 250 cc
8407.3210,For vehicles of heading 87.11
8407.3290,"Other - - Of a cylinder capacity exceeding 250 cc but not exceeding 1,000 cc"
8407.3310,"For vehicles of sub-headings 8703.2113, 8703.2195,"
8407.3390,Other
8407.3400,"Of a cylinder capacity exceeding 1,000 cc - Other engines"
8407.9010,Gas engines
8407.9020,Of a kind used for the propulsion of vehicles of chapter
8407.9090,Other
8408.1000,Marine propulsion engines - Engines of a kind used for the propulsion of vehicles of chapter 87
8408.2010,For agricultural tractors of sub - headings 8701.9220 and 8701.9320
8408.2090,Other
8408.9000,Other engines
8409.1000,For aircraft engines - Other: - - suitable for use solely or principally with spark-ignition internal combustion piston engines
8409.9110,Following components for engines as well as of vehicles of heading 87.11; (1) Cylinders (2) Cylinder Blocks
8409.9120,"Following parts of engines for vehicles of Chapter 87: (1) Intake manifold for automotive engines as well as of motor cars of heading 87.03 (not exceeding 800cc) and vehicles of sub-headings 8703.2113, 8703.2195,"
8409.9130,Following components for vehicles of Chapter (1) Rings and pistons (2) Cylinder Heads (3) Inlet or exhaust valves
8409.9140,Other parts of engines for vehicles of Chapter 87
8409.9150,Parts for marine engines - - - Other
8409.9191,CNG kits for vehicles of Chapter 87
8409.9192,Parts for gas engine of heading 8407.9010
8409.9199,Other - - Other
8409.9910,Following parts of engines for vehicles of chapter 87; (1) Rings & Pistons (2) Cylinders (3) Cylinder Blocks
8409.9920,Following other parts of engines for vehicles of Chapter 87
8409.9930,Other for engine of motor cars and vehicles
8409.9940,Parts for marine engines - - - Other
8409.9991,CNG kits for vehicles of Chapter 87
8409.9999,Other
8410.1100,"Of a power not exceeding 1,000 kW"
8410.1200,"Of a power exceeding 1,000 kW but not exceeding 10,000 kW"
8410.1300,"Of a power exceeding 10,000 kW - Parts, including regulators"
8410.9010,For machines of heading 8410.1100
8410.9090,Other
8411.1100,Of a thrust not exceeding 25 kN
8411.1200,Of a thrust exceeding 25 kN - Turbo-propellers
8411.2100,"Of a power not exceeding 1,100 kW"
8411.2200,"Of a power exceeding 1,100 kW - Other gas turbines"
8411.8100,"Of a power not exceeding 5,000 kW"
8411.8200,"Of a power exceeding 5,000 kW - Parts"
8411.9100,Of turbo-jets or turbo-propellers
8411.9900,Other
8412.1000,Reaction engines other than turbo-jets - Hydraulic power engines and motors
8412.2100,Linear acting (cylinders)
8412.2900,Other - Pneumatic power engines and motors
8412.3100,Linear acting (cylinders)
8412.3900,Other - Other
8412.8010,Wind engines (wind mills)
8412.8090,Other - Parts
8412.9010,For machines of heading 8412.3900 and 8412.8010
8412.9020,"For machines of heading 8412.1000, 8412.2100,"
8412.9030,Of wind wheels
8412.9040,Of wind engines
8412.9050,Of hot air engines
8412.9060,Of compressed air engines
8412.9090,Other
8413.1100,"Pumps for dispensing fuel or lubricants, of the type used in filling-stations or in garages"
8413.1910,"Pumps for dispensing chemicals, fitted with sensor"
8413.1990,Other
8413.2000,"Hand pumps, other than those of subheading 8413.11 or 8413.19"
8413.3010,Diesel fuel injection pumps for vehicles of Chapter 87
8413.3020,Following parts for Vehicles of sub - headings
8413.3030,"Following parts of vehicles of Chapter 87; (1) Oil pump assembly for motor cars of heading 87.03 (not exceeding 800cc) and vehicles of sub-headings 8703.2113,"
8413.3040,Oil pump for vehicles of heading 87.11
8413.3050,Other for the vehicles of chapter 87
8413.3090,Other
8413.4000,Concrete pumps
8413.5000,Other reciprocating positive displacement pumps - Other rotary positive displacement pumps: - - - Geared pumps
8413.6011,For motor cars and vehicles
8413.6019,Other
8413.6090,Other - Other centrifugal pumps: - - - Submersible pumps
8413.7011,Submersible pumps having 5 to 10 inches diameters
8413.7019,Other
8413.7090,Other - Other pumps; liquid elevators
8413.8100,Pumps
8413.8200,Liquid elevators - Parts: - - Of pumps
8413.9110,Stainless steel impellers
8413.9120,Stainless steel fabricated laser welded chamber for pump bowl assembly
8413.9130,"Other parts for machines of headings 8413.1910,"
8413.9140,Other parts for machines of heading 8413.1100
8413.9150,Plunger and other pumps parts for the vehicles of chapter 87
8413.9190,Other
8413.9200,Of liquid elevators
8414.1000,#NAME?
8414.2000,Hand-or foot-operated air pumps - Compressors of a kind used in refrigerating equipment
8414.3010,Used with HCFC and non-CFC gases
8414.3020,For vehicles of chapter 87
8414.3090,Other
8414.4000,"Air compressors mounted on a wheeled chassis for towing - Fans: - - Table, floor, wall, window, ceiling or roof fans, with a self-contained electric motor of an output not exceeding 125 W"
8414.5110,Ceiling fan
8414.5120,Pedestal fan
8414.5130,Table fan
8414.5140,Exhaust fan
8414.5190,Other - - Other
8414.5910,Blowers including portable type with self contained electric motor
8414.5990,Other
8414.6000,Hoods having a maximum horizontal side not exceeding 120 cm
8414.7000,Gas-tight biological safety cabinets - Other
8414.8010,Piston type air compressors
8414.8020,Screw compressors
8414.8030,CNG compressors
8414.8040,Air curtains - - - Turbo chargers
8414.8051,For motor cars and vehicles
8414.8059,Other
8414.8090,Other - Parts
8414.9010,Of machines of heading 8414.1000 and 8414.3010
8414.9020,Of machines of heading 8414.3090
8414.9090,Other
8415.1011,In CKD/SKD condition
8415.1019,Other - - - Self contained or split type comprising of inner and outer unit whether or not imported separately
8415.1021,In CKD/SKD condition
8415.1029,Other - - - Tropical MPS multi system unit 5 tonnes capacity and above
8415.1031,In CKD/SKD condition
8415.1039,Other - - - Other
8415.1091,In CKD/SKD condition
8415.1099,"Other - Of a kind used for persons, in motor vehicles"
8415.2010,"For motor cars of heading 87.03 and vehicles of sub-headings 8703.2113, 8703.2193, 8703.2195, 8703.2240 and 8704.3130"
8415.2090,Other - Other: - - Incorporating a refrigerating unit and a valve for reversal of the cooling/heat cycle (reversible heat pumps)
8415.8110,In CKD/SKD condition
8415.8190,"Other - - Other, incorporating a refrigerating unit"
8415.8210,In CKD/SKD condition
8415.8290,Other - - Not incorporating a refrigerating unit
8415.8310,In CKD/SKD condition
8415.8390,Other - Parts: - - - Evaporators
8415.9011,Enamelled and coated for antirust purposes
8415.9012,for vehicles of chapter 87
8415.9019,Other - - - Condensors
8415.9021,For vehicles of chapter 87
8415.9029,Other
8415.9030,Covers for inner body. - - - Other
8415.9091,For use with air conditioning machines of PCT headings 8415.2010 and 8415.2090
8415.9099,Other
8416.1000,Furnace burners for liquid fuel
8416.2000,"Other furnace burners, including combination burners"
8416.3000,"Mechanical stokers, including their mechanical grates, mechanical ash dischargers and similar appliances"
8416.9000,Parts
8417.1010,Kilns
8417.1090,Other
8417.2000,"Bakery ovens, including biscuit ovens"
8417.8000,Other
8417.9000,Parts
8418.1010,In CKD/SKD condition
8418.1090,"Other - Refrigerators, household type: - - Compression-type"
8418.2110,In CKD/SKD condition
8418.2190,Other - - Other
8418.2910,In CKD/SKD condition
8418.2990,"Other - Freezers of the chest type, not exceeding 800 l capacity"
8418.3010,In CKD/SKD condition
8418.3090,"Other - Freezers of the upright type, not exceeding 900 l capacity"
8418.4010,In CKD/SKD condition
8418.4090,Other
8418.5000,"Other furniture (chests, cabinets, display counters, show-cases and the like) for storage and display, incorporating refrigerating or freezing equipment"
8418.6100,Heat pumps other than air conditioning machines of heading 84.15
8418.6910,Milk chillers above 3000 litre capacity
8418.6920,Refrigerating machines with engine fitted on a common base for refrigerator containers
8418.6931,In CKD/SKD condition
8418.6939,Other
8418.6940,Refrigerated out door cabinet designed for insertion of electric and electronic apparatus
8418.6990,Other - Parts
8418.9100,Furniture designed to receive refrigerating or freezing equipment
8418.9910,Evaporators (roll bond / fin / tube on plate types)
8418.9920,Wire condensers
8418.9930,Of machine of heading 8418.6910
8418.9990,Other
8419.1110,In CKD/SKD condition
8419.1190,Other - - Solar water heaters
8419.1210,In CKD/SKD condition
8419.1290,Other - - Other
8419.1910,In CKD/SKD condition
8419.1990,Other
8419.2000,"Medical, surgical or laboratory sterilisers - Dryers"
8419.3200,", 8419.3900 & 8419.6000"
8419.3300,"Lyophilisation apparatus, freeze drying units and spray dryers"
8419.3400,"Other, for agricultural products"
8419.3500,"Other, for wood, paper pulp, paper or paperboard"
8419.3900,Other
8419.4000,Distilling or rectifying plant
8419.5000,Heat exchange units - Machinery for liquifying air or other gases
8419.6010,Mist eliminator
8419.6090,"Other - Other machinery, plant and equipment"
8419.8100,For making hot drinks or for cooking or heating food - - Other
8419.8910,Cooling tower
8419.8990,Other - Parts
8419.9010,"Of machines of heading 8419.2000, 8419.3100,"
8419.9020,Of machine of heading 8419.4000 and 8419.5000
8419.9090,Other
8420.1000,Calendering or other rolling machines - Parts
8420.9100,Cylinders
8420.9900,Other
8421.1100,Cream separators
8421.1200,Clothes-dryers
8421.1900,Other - Filtering or purifying machinery and apparatus for liquids
8421.2100,For filtering or purifying water
8421.2200,For filtering or purifying beverages other than water - - Oil or petrol-filters for internal combustion engines
8421.2310,"For motor cars of heading 87.03, and vehicles of sub-headings 8703.2113, 8703.2195, 8703.2240, 8704.3130,"
8421.2320,For vehicles of sub - headings 8701.9220 and
8421.2390,Other
8421.2900,Other - Filtering or purifying mahcinery and apparatus for gases: - - Intake air filters for internal combustion engines
8421.3110,"For vehicles of heading 87.03 (excluding wet type), vehicles of sub-headings 8704.2190, 8704.3130,"
8421.3190,Other
8421.3200,"Catalytic converters or particulate filters, whether or not combined, for purifying or filtering exhaust gases from internal combustion engines"
8421.3910,Filter driers used with non-CFC refrigerant gases
8421.3920,Filter driers used with CFC refrigerant gases
8421.3930,Mist eleminator
8421.3940,Air filters
8421.3950,Filter bags
8421.3990,"Other - Parts: - - Of centrifuges, including centrifugal dryers"
8421.9110,Of machines of heading 8421.1100 & 8421.1900
8421.9190,Other - - Other
8421.9910,"Of machine of heading 8421.3910, 8421.3920 &"
8421.9990,Other
8422.1100,Of the household type
8422.1900,Other
8422.2000,Machinery for cleaning or drying bottles or other containers
8422.3000,"Machinery for filling, closing, sealing, or labelling bottles, cans, boxes, bags or other containers; machinery for capsuling bottles, jars, tubes and similar containers; machinery for aerating beverages"
8422.4000,Other packing or wrapping machinery (including heat-shrink wrapping machinery)
8422.9010,Of dish washing machines
8422.9090,Other
8423.1000,"Personal weighing machines, including baby scales; household scales"
8423.2000,Scales for continuous weighing of goods on conveyors
8423.3000,"Constant weight scales and scales for discharging a predetermined weight of material into a bag or container, including hopper scales"
8423.8100,Having a maximum weighing capacity not exceeding kg
8423.8200,"Having a maximum weighing capacity exceeding 30 kg but not exceeding 5,000 kg"
8423.8900,Other
8423.9000,Weighing machine weights of all kinds; parts of weighing machinery
8424.1000,"Fire extinguishers, whether or not charged - Spray guns and similar appliances"
8424.2010,For agriculture
8424.2020,For industry
8424.2090,Other
8424.3000,Steam or sand blasting machines and similar jet projecting machines
8424.4100,Portable sprayers
8424.4900,Other - Other appliances
8424.8200,Agricultural or horticultural
8424.8900,Other - Parts
8424.9010,"Of machines of heading 8424.2010, 8424.3000,"
8424.9090,Other
8425.1100,Powered by electric motor
8425.1900,Other - Winches; capstans
8425.3100,Powered by electric motor
8425.3900,Other - Jacks; hoists of a kind used for raising vehicles
8425.4100,Built-in jacking systems of a type used in garages
8425.4200,"Other jacks and hoists, hydraulic"
8425.4900,Other
8426.1110,Not exceeding 400 metric ton
8426.1190,Other - - Mobile lifting frames on tyres and straddle carriers
8426.1210,Not exceeding 20 t
8426.1290,Other - - Other
8426.1910,Upto 400 metric ton
8426.1990,Other
8426.2000,Tower cranes
8426.3000,"Portal or pedestal jib cranes - Other machinery, self-propelled"
8426.4100,On tyres
8426.4900,Other - Other machinery
8426.9100,Designed for mounting on road vehicles
8426.9900,Other
8427.1000,Self-propelled trucks powered by an electric motor - Other self-propelled trucks
8427.2010,Of a capacity not exceeding 3 ton
8427.2090,Other
8427.9000,Other trucks
8428.1010,Passenger lifts
8428.1020,Skip hoists
8428.2000,"Pneumatic elevators and conveyors - Other continuous-action elevators and conveyors, for goods or materials"
8428.3100,Specially designed for underground use
8428.3200,"Other, bucket type"
8428.3300,"Other, belt type - - Other"
8428.3910,For cement plants
8428.3990,Other
8428.4000,Escalators and moving walkways
8428.6000,"Teleferics, chair-lifts, ski-draglines; traction mechanisms for funiculars"
8428.7000,Industrial robots - Other machinery
8428.9010,Hydraulic lift assembly / lift body (other than electronically controlled) for agricultural tractors of sub - headings 8701.9220 and 8701.9320
8428.9020,Hydraulic lift assembly / lift body (other than electronically controlled)for other vehicles
8428.9090,Other
8429.1100,Track laying
8429.1900,Other
8429.2000,Graders and levellers
8429.3000,Scrapers
8429.4000,"Tamping machines and road rollers - Mechanical shovels, excavators and shovel loaders"
8429.5100,Front-end shovel loaders
8429.5200,Machinery with a 360o revolving superstructure
8429.5900,Other
8430.1000,Pile-drivers and pile extractors
8430.2000,Snow-ploughs and snow-blowers - Coal or rock cutters and tunnelling machinery
8430.3100,Self propelled
8430.3900,Other - Other boring or sinking machinery
8430.4100,Self-propelled
8430.4900,Other
8430.5000,"Other machinery, self-propelled - Other machinery, not self-propelled"
8430.6100,Tamping or compacting machinery
8430.6900,Other
8431.1000,Of machinery of heading 84.25
8431.2000,Of machinery of heading 84.27 - Of machinery of heading 84.28
8431.3100,"Of lifts, skip hoists or escalators"
8431.3900,"Other - Of machinery of heading 84.26,"
8431.4100,"Buckets, shovels, grabs and grips"
8431.4200,Bulldozer or angledozer blades
8431.4300,Parts for boring or sinking machinery of subheading 8430.41 or 8430.49
8431.4900,Other
8432.1010,Chisel ploughs
8432.1090,"Other - Harrows, scarifiers, cultivators, weeders and hoes"
8432.2100,Disc harrows - - Other
8432.2910,Cultivators
8432.2990,"Other - Seeders, planters and transplanters"
8432.3100,"No-till direct seeders, planters and transplanters"
8432.3900,Other - Manure spreaders and fertiliser distributors
8432.4100,Manure spreaders
8432.4200,Fertiliser distributors - Other machinery
8432.8010,Rotavators
8432.8090,Other
8432.9000,Parts
8433.1100,"Powered, with the cutting device rotating in a horizontal plane"
8433.1900,Other
8433.2000,"Other mowers, including cutters bars for tractor mounting"
8433.3000,Other haymaking machinery
8433.4000,"Straw or fodder balers, including pick-up balers - Other harvesting machinery; threshing machinery"
8433.5100,Combine harvestor-threshers
8433.5200,Other threshing machinery
8433.5300,Root or tuber harvesting machines
8433.5900,Other
8433.6000,"Machines for cleaning, sorting or grading eggs, fruit or other agricultural produce"
8433.9000,Parts
8434.1000,Milking machines
8434.2000,Dairy machinery
8434.9000,Parts
8435.1010,For beverage manufacturing
8435.1090,Other
8435.9000,Parts
8436.1000,Machinery for preparing animal feeding stuffs - Poultry-keeping machinery; poultry incubators and brooders
8436.2100,Poultry incubators and brooders
8436.2900,Other
8436.8000,Other machinery - Parts
8436.9100,Of poultry-keeping machinery or poultry incubators and brooders
8436.9900,Other
8437.1000,"Machines for cleaning, sorting or grading seed, grain or dried leguminous vegetables"
8437.8000,Other machinery
8437.9000,Parts
8438.1000,"Bakery machinery and machinery for the manufacture of macaroni, spaghetti or similar products"
8438.2000,"Machinery for the manufacture of confectionery, cocoa or chocolate"
8438.3010,For sugarcane crushers
8438.3090,Other
8438.4000,Brewery machinery
8438.5000,Machinery for the preparation of meat or poultry
8438.6000,"Machinery for the preparation of fruits, nuts or vegetables - Other machinery"
8438.8010,For cereal food manufacture
8438.8020,For fish preparation
8438.8090,Other - Parts
8438.9010,Of machines of heading 8438.3000 and 8438.4000
8438.9090,Other
8439.1000,Machinery for making pulp of fibrous cellulosic material
8439.2000,Machinery for making paper or paperboard
8439.3000,Machinery for finishing paper or paperboard - Parts
8439.9100,Of machinery for making pulp of fibrous cellulosic material
8439.9900,Other
8440.1000,Machinery
8440.9000,Parts
8441.1000,Cutting machines
8441.2000,"Machines for making bags, sacks or envelopes"
8441.3000,"Machines for making cartons, boxes, cases, tubes, drums or similar containers, other than by moulding"
8441.4000,"Machines for moulding articles in paper pulp, paper or paperboard"
8441.8000,Other machinery - Parts
8441.9010,Of machines of heading 8441.1000 & 8441.4000
8441.9090,Other
8442.3000,"Machinery, apparatus and equipment"
8442.4000,"Parts of the foregoing machinery, apparatus or equipment"
8442.5000,"Plates, cylinders and other printing components; plates, cylinders and lithographic stones, prepared for printing purposes (for example, planed, grained or polished)"
8443.1100,"Offset printing machinery, reel-fed"
8443.1200,"Offset printing machinery, sheet-fed, office type (using sheets with one side not exceeding 22 cm and the other side not exceeding 36 cm in the unfolded state)"
8443.1300,Other offset printing machinery
8443.1400,"Letterpress printing machinery, reel fed, excluding flexographic printing"
8443.1500,"Letterpress printing machinery, other than reel fed, excluding flexographic printing"
8443.1600,Flexographic printing machinery
8443.1700,Gravure printing machinery - - Other
8443.1910,Hot stamping machines
8443.1920,Label printing/embossing machines
8443.1930,Flat bed printing presses
8443.1940,Proof presses - - - Machinery for printing repetitive word or design or colour
8443.1951,On cotton textile
8443.1959,Other
8443.1990,"Other - Other printers, copying machines and facsimile machines, whether or not combined"
8443.3100,"Machines which perform two or more of the functions of printing, copying or facsimile transmission, capable of connecting to an automatic data processing machine or to a network"
8443.3210,Dot matrix printers
8443.3220,Ink jet printers
8443.3230,Laser jet printers
8443.3240,Line printer
8443.3250,Letter quality daisy wheel printer
8443.3260,Facsimile machine
8443.3290,Other - - Other
8443.3910,Photocopying apparatus
8443.3990,Other - Parts and accessories
8443.9100,"Parts and accessories of printing machinery used for printing by means of plates, cylinders and other printing components of heading 84.42"
8443.9910,Automatic documents feeders of copying machines
8443.9920,Paper feeders of copying machines
8443.9930,Sorters of copying machines
8443.9940,Other parts of copying machines
8443.9950,Toner and ink cartridges for computer printers excluding disposable type
8443.9990,Other
8444.0000,"Machines for extruding, drawing, texturing or cutting man-made textile materials"
8445.1100,Carding machines
8445.1200,Combing machines
8445.1300,Drawing or roving machines - - Other
8445.1910,Blow room machinery
8445.1990,Other
8445.2000,Textile spinning machines
8445.3000,Textile doubling or twisting machines - Textile winding (including weft-winding) or reeling machines
8445.4010,Weft winding machines
8445.4020,Cone/bobbin winding machines
8445.4030,Reeling machines
8445.4090,Other
8445.9000,Other
8446.1000,"For weaving fabrics of a width not exceeding 30cm - For weaving fabrics of a width exceeding 30 cm, shuttle type"
8446.2100,Power looms
8446.2900,Other
8446.3000,"For weaving fabrics of a width exceeding 30 cm, shuttleless type"
8447.1100,With cylinder diameter not exceeding 165 mm
8447.1200,With cylinder diameter exceeding 165 mm
8447.2000,Flat knitting machines; stitch-bonding machines - Other
8447.9010,Multi head embroidery machines
8447.9090,Other
8448.1100,"Dobbies and Jacquards; card reducing, copying, punching or assembling machines for use therewith"
8448.1900,Other
8448.2000,Parts and accessories of machines of heading 84.44 or of their auxiliary machinery
8448.3110,Tops and flats
8448.3190,Other
8448.3200,"Of machines for preparing textile fibres, other than card clothing"
8448.3310,Spindle flyers and ring travellers
8448.3320,Spindles
8448.3330,Spinning rings
8448.3900,"Other - Parts and accessories of weaving machines (looms) or of their auxiliary machinery: - - Reeds for looms, healds and heald-frames"
8448.4210,Reeds
8448.4290,Other - - Other
8448.4910,Shuttles
8448.4990,Other - Parts and accessories of machines of heading 84.47 or of their auxiliary machinery
8448.5100,"Sinkers, needles and other articles used in forming stitches"
8448.5900,Other
8449.0000,"Machinery for the manufacture or finishing of felt or nonwovens in the piece or in shapes, including machinery for making felt hats; blocks for making hats"
8450.1110,In CKD/SKD condition
8450.1190,"Other - - Other machines, with built-in centrifugal drier"
8450.1210,In CKD/SKD condition
8450.1290,Other - - Other: - - - Semi-automatic machines
8450.1911,In CKD/SKD condition
8450.1919,Other - - - Other
8450.1991,In CKD/SKD condition
8450.1999,"Other - Machines, each of a dry linen capacity exceeding 10 kg"
8450.2010,In CKD/SKD condition
8450.2090,Other
8450.9000,Parts
8451.1000,Dry-cleaning machines - Drying machines
8451.2100,Each of a dry linen capacity not exceeding 10 kg
8451.2900,Other
8451.3000,"Ironing machines and presses (including fusing presses) - Washing, bleaching or dyeing machines"
8451.4010,Washing machine
8451.4020,Bleaching machine
8451.4030,Dyeing machine
8451.5000,"Machines for reeling, unreeling, folding, cutting or pinking textile fabrics"
8451.8010,Coating or laminating machine
8451.8020,Machinery for pressing
8451.8030,Dressing and finishing machine
8451.8040,Mercerizing machine
8451.8050,Sanforizing machines
8451.8060,Stentering machines
8451.8070,Shrinking machines
8451.8090,Other
8451.9000,Parts
8452.1010,In ckd/skd condition
8452.1090,Other - Other sewing machines
8452.2100,Automatic units
8452.2900,Other
8452.3000,"Sewing machine needles - Furniture, bases and covers for sewing machines and parts thereof; other parts of sewing machines"
8452.9020,"Furniture, bases and covers for sewing machines and parts thereof"
8452.9030,Parts of machine of heading 8452.1090
8452.9090,Other
8453.1000,"Machinery for preparing, tanning or working hides, skins or leather"
8453.2000,Machinery for making or repairing footwear
8453.8000,Other machinery
8453.9000,Parts
8454.1000,Converters
8454.2000,Ingot moulds and ladles
8454.3000,Casting machines
8454.9000,Parts
8455.1000,Tube mills - Other rolling mills
8455.2100,Hot or combination hot and cold
8455.2200,Cold - Rolls for rolling mills
8455.3010,Cast iron rolls of a diameter not exceeding
8455.3090,Other
8455.9000,Other parts
8456.1110,"Machines for working any material by removal of material, by laser in the production of semiconductor wafers"
8456.1190,Other - - Operated by other light or photon beam processes
8456.1210,"Machines for working any material by removal of material, by other light or photon beam in the production of semiconductor wafers"
8456.1290,Other - Operated by ultrasonic processes
8456.2010,Machines for dry-etching patterns on semiconductor materials
8456.2020,Apparatus for stripping or cleaning semiconductor wafers
8456.2090,Other
8456.3000,Operated by electro-discharge processes
8456.4000,Operated by plasma arc processess
8456.5000,Water-jet cutting machines
8456.9000,Other
8457.1000,Machining centres
8457.2000,Unit construction machines (single station)
8457.3000,Multi-station transfer machines
8458.1100,Numerically controlled
8458.1900,Other - Other lathes
8458.9100,Numerically controlled
8458.9900,Other
8459.1000,Way-type unit head machines - Other drilling machines
8459.2100,Numerically controlled - - Other
8459.2910,Drilling machines with drilling capacity upto 62 mm in cast iron and 50 mm in steel
8459.2990,Other - Other boring-milling machines
8459.3100,Numerically controlled - - Other
8459.3910,Vertical copy boring and milling machine with drilling capacity in steel upto 25 mm
8459.3990,Other - Other boring machines
8459.4100,Numerically controlled
8459.4900,"Other - Milling machines, knee-type"
8459.5100,Numerically controlled - - Other
8459.5910,"Horizontal,vertical or universal versions with longitudnal traverser upto 810 mm and table size upto 1300 x 300 mm"
8459.5990,Other - Other milling machines
8459.6100,Numerically controlled - - Other
8459.6910,"Vertical turret(Bridgeport type) milling machine with long travel 750 mm, vertical travel 400 mm and cross travel 300 mm"
8459.6920,Universal engraving machine with clamping area 500 x 200 mm with pantograph ratio from 1:1 to 1:50
8459.6990,Other - Other threading or tapping machines
8459.7010,Numerically controlled
8459.7090,Other
8460.1200,Numerically controlled
8460.1900,Other - Other grinding machines
8460.2200,"Centreless grinding machines, numerically controlled"
8460.2300,"Other cylindrical grinding machines, numerically controlled"
8460.2400,"Other, numerically controlled"
8460.2900,Other - Sharpening (tool or cutter grinding) machines
8460.3100,Numerically controlled
8460.3900,Other
8460.4000,Honing or lapping machines - Other
8460.9010,Bench-type grinding machines
8460.9090,Other
8461.2010,Shaping machines having stroke not exceeding 45 cm
8461.2090,Other
8461.3000,Broaching machines
8461.4000,"Gear cutting, gear grinding or gear finishing machines - Sawing or cutting-off machines"
8461.5010,High speed hacksaw machines of cutting diameter not exceeding 17.5cm or with blades of length not exceeding 45 cm
8461.5090,Other
8461.9000,Other
8462.1110,Numerically controlled
8462.1190,Other - - Other
8462.1910,Numerically controlled
8462.1990,"Other - Bending, folding, straightening or flattening machines (including press brakes) for flat products"
8462.2200,Profile forming machines
8462.2300,Numerically controlled press brakes
8462.2400,Numerically controlled panel benders
8462.2500,Numerically controlled roll forming machines
8462.2600,"Other Numerically controlled Bending, folding, straightening or flattening machines"
8462.2900,"Other - Slitting lines, cut-to-length lines and other shearing machines (excluding presses) for flat products, other than combined punching and shearing machines"
8462.3200,Slitting lines and cut-to-length lines
8462.3300,Numerically controlled shearing machines
8462.3900,"Other - Punching, notching or nibbling machines (excluding presses) for flat products including combined punching and shearing machines"
8462.4200,Numerically controlled
8462.4900,"Other - Machines for working tube, pipe, hollow section and bar (excluding presses)"
8462.5100,Numerically controlled
8462.5900,Other - Cold metal working presses : - - Hydraulic presses
8462.6110,Of pressure not exceeding 60.963 metric tons
8462.6190,Other
8462.6200,Mechanical presses
8462.6300,Servo-presses
8462.6900,Other
8462.9000,Other
8463.1000,"Draw-benches for bars, tubes profiles, wire or the like"
8463.2000,Thread rolling machines
8463.3000,Machines for working wire
8463.9000,Other
8464.1000,Sawing machines - Grinding or polishing machines
8464.2010,Grinding machines
8464.2090,Polishing machines
8464.9000,Other
8465.1000,Machines which can carry out different types of machining operations without tool change between such operations
8465.2000,Machining centres - Other: - - Sawing machines
8465.9110,Hacksaw machines with blades of length not exceeding 45.7cm
8465.9190,Other
8465.9200,"Planing, milling or moulding (by cutting) machines"
8465.9300,"Grinding, sanding or polishing machines"
8465.9400,Bending or assembling machines
8465.9500,Drilling or morticing machines
8465.9600,"Splitting, slicing or paring machines"
8465.9900,Other
8466.1000,Tool holders and self - opening dieheads
8466.2000,Work holders
8466.3000,Dividing heads and other special attachments for machines
8466.9100,For machines of heading 84.64
8466.9200,For machines of heading 84.65 - For machines of headings
8466.9310,"Of machine of heading 8458.1900, 8458.9900,"
8466.9390,Other - - For machines of heading 84.62 or
8466.9410,"Of machine of heading 8462.1090, 8462.9110 &"
8466.9490,Other
8467.1100,Rotary type (including combined rotary-percussion)
8467.1900,Other - With self-contained electric motor
8467.2100,Drills of all kinds
8467.2200,Saws
8467.2900,Other - Other tools
8467.8100,Chain saws
8467.8900,Other - Parts
8467.9100,Of chain saws
8467.9200,Of pneumatic tools
8467.9900,Other
8468.1000,Hand-held blow pipes
8468.2000,Other gas-operated machinery and apparatus
8468.8000,Other machinery and appratus
8468.9000,Parts
8470.1000,"Electronic calculators capable of operation without an external source of electric power and pocket-size data recording, reproducing and displaying machines with calculating functions"
8470.2100,Incorporating a printing device
8470.2900,Other
8470.3000,Other calculating machines
8470.5000,Cash registers
8470.9000,Other
8471.3010,"Laptop computers, notebooks whether or not incorporating multi media kit"
8471.3020,Personal computers
8471.3090,"Other - Other automatic data processing machines: - - Comprising in the same housing at least a central processing unit and an input and output unit, whether or not"
8471.4110,Micro computer
8471.4120,Large or Main frame
8471.4190,Other
8471.4900,"Other, presented in the form of systems"
8471.5000,"Processing units other than those of sub-heading 8471.41 or 8471.49, whether or not containing in the same housing one or two of the following types of unit: storage units, input units, output units"
8471.6010,Key boards
8471.6020,Mouse and other pointing devices
8471.6030,Scanner
8471.6090,Other - Storage units
8471.7010,Floppy disk drives
8471.7020,Hard disk drive
8471.7030,Tape drive
8471.7040,CD-ROM drive
8471.7050,Digital video disc drive
8471.7060,Removable or exchangeable disc drives
8471.7090,Other - Other units of automatic data processing machines
8471.8010,C.D.ROM writer
8471.8090,Other - Other
8471.9010,Control units
8471.9020,Multi media kits for PCs
8471.9090,Other
8472.1000,Duplicating machines
8472.3000,"Machines for sorting or folding mail or for inserting mail in envelopes or bands, machines for opening, closing or sealing mail and machines for affixing or cancelling postage stamps"
8472.9010,Automated Teller Machines (ATM)
8472.9090,Other
8473.2100,"Of the electronic calculating machines of subheading 8470.10, 8470.21 or 8470.29"
8473.2900,Other - Parts and accessories of the machines of heading 84.71
8473.3010,Casings (with power supply) for computers
8473.3020,Cleaning discs for computer drives
8473.3090,Other
8473.4000,Parts and accessories of the machines of heading 84.72
8473.5000,Parts and accessories equally suitable for use with the machines of two or more of the headings
8474.1010,For cement industry
8474.1020,screening plant
8474.1090,Other - Crushing or grinding machines
8474.2010,For cement industry
8474.2090,Other - Mixing or kneading machines: - - Concrete or mortar mixers
8474.3110,For cement industry
8474.3120,Concrete batching plant
8474.3130,Concrete transit mixer drum
8474.3190,Other - - Machines for mixing mineral substances with bitumen
8474.3210,Not exceeding 150 t/h
8474.3290,Other
8474.3900,Other - Other machinery
8474.8010,Hydraulic press for ceramic industry of capacity exceeding 80 tons
8474.8090,Other - Parts
8474.9010,"Of machine of heading 8474.1020, 8474.3120,"
8474.9020,"Of machine of heading 8474.2010, 8474.2090,"
8474.9090,Other
8475.1000,"Machines for assembling electric or electronic lamps, tubes or valves or flashbulbs, in glass envelopes"
8475.2100,Machines for making optical fibres and preforms thereof
8475.2900,Other
8475.9000,Parts
8476.2100,Incorporating heating or refrigerating devices
8476.2900,Other - Other machines
8476.8100,Incorporating heating or refrigerating devices
8476.8900,Other
8476.9000,Parts
8477.1000,Injection-moulding machines
8477.2000,Extruders - Blow moulding machines
8477.3010,Of capacity not exceeding 0.22 litres
8477.3090,Other - Vaccum moulding machines and other thermoforming machines
8477.4010,Of capacity not exceeding 0.228 litres
8477.4090,Other - Other machinery for moulding or otherwise forming
8477.5100,For moulding or retreading pneumatic tyres or for moulding or otherwise forming inner tubes
8477.5900,Other
8477.8000,Other machinery
8477.9000,Parts
8478.1000,Machinery
8478.9000,Parts
8479.1010,Asphalt pavers
8479.1090,Other
8479.2000,Machinery for the extraction or preparation of animal or fixed vegetable or microbial fats or oils
8479.3000,Presses for the manufacture of particle board or fibre building board of wood or other ligneous materials and other machinery for treating wood or cork
8479.4000,Rope or cable making machines
8479.5000,"Industrial robots, not elsewhere specified or included"
8479.6000,Evaporative air coolers - - Passenger boarding bridges
8479.7100,Of a kind used in airports
8479.7900,Other - Other machines and mechanical appliances
8479.8100,"for treating metal, including electric wire coil-winders - - Mixing, kneading, crushing, grinding, screening, sifting, homogenising, emulsifying or stirring machines"
8479.8210,Match making machines
8479.8220,Soap making machines
8479.8230,Oil refining machines
8479.8290,Other
8479.8300,Cold isostatic presses - - Other
8479.8910,"Eyeleting, fastening and thread sucking machines"
8479.8920,"Automatic machines for attaching rivets, metal buttons, eyelets etc on garments"
8479.8930,Tableting machines
8479.8940,Capsule polishers
8479.8950,Tyre changers
8479.8990,Other - - Parts
8479.9010,"Of machines of heading 8479.2000, 8479.6000,"
8479.9090,Other
8480.1000,Moulding boxes for metal foundry
8480.2000,Mould bases
8480.3000,Moulding patterns - Moulds for metal or metal carbides
8480.4100,Injection or compression types
8480.4900,Other
8480.5000,Moulds for glass
8480.6000,Moulds for mineral materials - Moulds for rubber or plastics
8480.7100,Injection or compression types
8480.7900,Other
8481.1000,Pressure-reducing valves
8481.2000,Valves for oleohydraulic or pneumatic transmissions - Check (nonreturn) valves
8481.3010,For tyre tubes
8481.3090,Other
8481.4000,Safety or relief valves - Other appliances
8481.8010,Cock for fuel tank for agricultural tractors of sub - headings 8701.9220 and 8701.9320
8481.8020,Cock for fuel tank for vehicles of heading 87.11
8481.8030,Other cocks for motor cars and vehicles
8481.8090,Other
8481.9000,Parts
8482.1000,Ball bearings
8482.2000,"Tapered roller bearings, including cone and tapered roller assemblies"
8482.3000,Spherical roller bearings
8482.4000,"Needle roller bearings, including cage and Needle roller assemblies"
8482.5000,"Other cylindrical roller bearings, including cage and roller assemblies"
8482.8000,"Other, including combined ball/ roller bearings - Parts"
8482.9100,"Balls, needles and rollers - - Other"
8482.9910,Rings for bearings
8482.9990,Other
8483.1011,Following components for agricultural tractors of sub - headings 8701.9220 and 8701.9320
8483.1012,"Shaft for rocker arm, shaft worm, spindle shaft complete gear, spindle for cam guide sprocket and crank shaft for vehicles of heading 87.11"
8483.1013,"Gear shift assembly complete, shaft assembly kick starter for vehicle of heading 87.11"
8483.1019,Other
8483.1090,Other
8483.2000,"Bearing housings, incorporating ball or roller bearings - Bearing housings, not incorporating ball or roller bearings; plain shaft bearings"
8483.3010,Plain shaft bearing and bushing for the vehicles of chapter 87
8483.3020,Other plain shaft bearings and bushings
8483.3030,Fabric bearings
8483.3090,"Other - Gears and gearing, other than toothed wheels, chain sprockets and other transmission elements presented separately; ball or roller screws; gear boxes and other"
8483.4011,Following components for agricultural tractors of sub - headings 8701.9220 and 8701.9320
8483.4012,"Gears (C1, C2, C3, C4, M2, M3, M4) for vehicles of heading 87.11"
8483.4019,Other
8483.4090,"Other - Flywheels and pulleys, including pulley blocks"
8483.5010,"(1) Flywheels (without built-in gear ring) for motor cars of heading 87.03 and vehicles of sub-headings 8703.2113,"
8483.5020,"(1) Fly wheels (without built-in gear ring) for vehicles of heading 87.02 and sub-headings 8701.2020, 8701.2040,"
8483.5030,Other for engine of motor cars and vehicles
8483.5090,Other - Clutches and shaft couplings (including universal joints)
8483.6010,Clutches - - - Other
8483.6091,Shaft coupling (including Universal Joints) for vehicles of heading 87.11
8483.6092,Other for motor cars and vehicles
8483.6099,"Other - Toothed wheels, chain sprockets and other transmission elements presented separately; parts"
8483.9010,Following components for agricultural tractors of sub - headings 8701.9220 and 8701.9320
8483.9020,For vehicles of heading 87.11
8483.9030,Other for motor cars and vehicles
8483.9090,Other
8484.1010,Spiral wound - - - For vehicles of Chapter 87
8484.1021,Gaskets and joints for agricultural tractors of sub - headings 8701.9220 and 8701.9320 (excluding 4x4 tractors)
8484.1022,"Gaskets for water pump, inlet pipe and cylinder block plate for vehicles of heading 8703.2193"
8484.1029,Other
8484.1090,Other - Mechanical seals
8484.2010,For use with the machines/ components of vehicles of chapter 87
8484.2020,Metal Jacketed gaskets
8484.2090,Other
8484.9000,Other
8485.1000,By metal deposit
8485.2000,By plastics or rubber deposit
8485.3000,"By plaster, cement, ceramics or glass deposit"
8485.8000,Other
8485.9000,Parts
8486.1000,Machines and apparatus for the manufacture of boules or wafers
8486.2000,Machines and apparatus for the manufacture of semiconductor devices or of electronic integrated circuits
8486.3000,Machines and apparatus for the manufacture of flat panel displays
8486.4000,Machines and apparatus specified in Note 11 (C) to this Chapter
8486.9000,Parts and accessories
8487.1000,Ships' or boats' propellers and blades therefor - Other
8487.9010,Oil seals for vehicles of chapter 87
8487.9090,Other
8501.1000,Motors of an output not exceeding 37.5 W
8501.2000,"Universal AC/DC motors of an output exceeding 37.5 W - Other DC motors; DC generators, other than photovoltaic generators"
8501.3100,Of an output not exceeding 750 W
8501.3200,Of an output exceeding 750 W but not exceeding 75 kW
8501.3300,Of an output exceeding 75 kW but not exceeding 375 kW
8501.3400,"Of an output exceeding 375 kW - Other AC motors, single phase"
8501.4010,Of an output not exceeding 60 watts
8501.4090,"Other - Other AC motors, multi-phase: - - Of an output not exceeding 750 W"
8501.5110,Submersible motors of stainless steel
8501.5120,AC clutch motors for industrial sewing machine
8501.5190,Other - - Of an output exceeding 750 W but not exceeding 75 kW
8501.5210,Submersible motors of stainless steel
8501.5220,AC clutch motors for industrial sewing machine
8501.5230,Geared motors
8501.5290,Other - - Of an output exceeding 75 kW
8501.5310,Of an output exceeding 75 kW but not exceeding 375 kW (500 HP)
8501.5320,Submersible motors of stainless steel
8501.5330,Geared motors
8501.5340,H.T Motors with operating input voltage above 1 kV
8501.5390,"Other - AC generators (alternators), other than photovoltaic generators"
8501.6100,Of an output not exceeding 75 kVA
8501.6200,Of an output exceeding 75 kVA but not exceeding 375 kVA
8501.6300,Of an output exceeding 375 kVA but not exceeding 750 kVA
8501.6410,Of an output exceeding 750 kVA but not exceeding 1100 kVA
8501.6490,Other - Photovoltaic DC generators : - - Of an output not exceeding 50 W
8501.7110,Consisting of panels of photocells combined with other apparatus
8501.7190,Other - - Of an output exceeding 50 W
8501.7210,Consisting of panels of photocells combined with other apparatus
8501.7290,Other
8501.8000,Photovoltaic AC generators
8502.1110,Of an output not exceeding 5 kVA
8502.1120,Exceeding 5 KVA but not exceeding 20 KVA
8502.1130,Exceeding 20 KVA but not exceeding 50 KVA
8502.1190,Other
8502.1200,Of an output exceeding 75 kVA but not exceeding 375 kVA
8502.1310,Of an output exceeding 375 kVA but not exceeding 1100 kVA
8502.1390,Other - Generating sets with spark-ignition internal combustion piston engines
8502.2010,Of an output not exceeding 5 kVA
8502.2020,Of an output exceeding 5 KVA but not exceeding 1250 KVA
8502.2090,Other - Other generating sets
8502.3100,Wind-powered
8502.3900,Other
8502.4000,Electric rotary converters
8503.0010,"Of machine of heading 8501.1000, 8501.2000,"
8503.0020,"Of machine of heading 8501.5340, 8501.5390,"
8503.0090,Other
8504.1000,Ballasts for discharge lamps or tubes - Liquid dielectric transformers
8504.2100,Having a power handling capacity not exceeding 650 kVA
8504.2200,"Having a power handling capacity exceeding 650 kVA but not exceeding 10,000 kVA"
8504.2300,"Having a power handling capacity exceeding 10,000 kVA - Other transformers"
8504.3100,Having a power handling capacity not exceeding 1 kVA
8504.3200,Having a power handling capacity exceeding 1 kVA but not exceeding 16 kVA
8504.3300,Having a power handling capacity exceeding 16 kVA but not exceeding 500 kVA
8504.3400,Having a power handling capacity exceeding 500 kVA - Static converters
8504.4010,Un-interrupted power supply (UPS) of power rating upto 1.5 kVA
8504.4020,Battery chargers
8504.4030,Charging station for electric vehicle
8504.4090,Other
8504.5000,Other inductors - Parts
8504.9010,On load-tape changer for power transformers
8504.9020,Bushings for power transformers
8504.9030,Of machines of heading 8504.4090
8504.9040,Toroidal cores and strips
8504.9090,Other
8505.1100,Of metal
8505.1900,Other
8505.2000,"Electro-magnetic couplings, clutches and brakes"
8505.9000,"Other, including parts"
8506.1000,Manganese dioxide
8506.3000,Mercuric oxide
8506.4000,Silver oxide
8506.5000,Lithium
8506.6000,Air-zinc
8506.8000,Other primary cells and primary batteries - Parts
8506.9010,Brass caps for dry battery cell
8506.9090,Other
8507.1010,"Meant for vehicles of heading 87.03, vehicles of subheadings 8704.2190, 8704.3130, 8704.3150, 8704.3190 and vehicles of heading 87.11"
8507.1020,Meant for vehicles of heading 87.02 and sub-headings
8507.1090,Other
8507.2000,Other lead-acid accumulators
8507.3000,Nickel-cadmium
8507.5000,Nickel-metal hydride
8507.6000,Lithium-ion
8507.8000,Other
8507.9000,Parts
8508.1110,In CKD/SKD condition
8508.1190,Other - - Other
8508.1910,In CKD/SKD condition
8508.1990,Other - Other vacuum cleaners: - - - Industrial vacuum cleaner
8508.6011,In CKD/SKD condition
8508.6019,Other - - - Other
8508.6091,In CKD/SKD condition
8508.6099,Other
8508.7000,Parts
8509.4010,Food grinders
8509.4020,Fruit mixers
8509.4030,Fruit or vegetable juice extractors
8509.8000,Other appliances
8509.9000,Parts
8510.1000,Shavers
8510.2000,Hair clippers
8510.3000,Hair-removing appliances
8510.9000,Parts
8511.1000,Sparking plugs - Ignition magnetos; magneto-dynamos; magnetic flywheels
8511.2010,Magneto for vehicles of heading 87.11
8511.2090,Other - Distributors; ignition coils
8511.3010,Ignition coils for vehicles of heading 87.11
8511.3020,Other for motor cars and vehicles
8511.3090,Other - Starter motors and dual purpose starter-generators: - - - Starter motors
8511.4011,For agricultural tractors of sub - headings 8701.9220 and 8701.9320
8511.4012,Other for motor cars and vehicles
8511.4019,Other
8511.4090,Other - Other generators
8511.5010,Alternator assembly for agricultural tractors of sub - headings 8701.9220 and 8701.9320
8511.5020,Alternator assembly for other motor cars and vehicles
8511.5090,Other - Other equipment
8511.8010,Heater/glow plugs for agricultural tractors of sub - headings 8701.9220 and 8701.9320
8511.8020,Heater/glow plugs for other motor cars and vehicles
8511.8030,Capacitor Discharge Ignition (CDI) unit for vehicles of heading 87.11
8511.8040,Capacitor Discharge Ignition (CDI) unit for other motor cars and vehicles
8511.8090,Other - Parts
8511.9010,Aluminium casted distributor case for motor cars of heading 8703 (not exceeding 800cc) and vehicles of sub - heading 8704.3190
8511.9020,Other for motor cars and vehicles
8511.9090,Other
8512.1000,Lighting or visual signalling equipment of a kind used on bicycles
8512.2010,"Following components of motor vehicles; (1) Head light for vehicles of sub-headings 8703.2115,"
8512.2020,Following components of motor vehicles; (1) Head light for vehicles of sub - headings 8701.9220 and 8701.9320
8512.2090,Other - Sound signalling equipment
8512.3010,"For vehicles of sub-headings 8703.2113, 8703.2115,"
8512.3020,For vehicles of heading 87.02 and sub-headings
8512.3030,Anti-theft alarm system for vehicles of chapter 87
8512.3090,"Other - Windscreen wipers, defrosters and demisters"
8512.4010,(1) Wiper arm and blade assembly for vehicles of heading 87.03 and vehicles of sub-heading 8704.2190 and
8512.4020,Wiper arm and blade assembly for vehicles of sub-heading 8704.2219
8512.4090,Other - Parts
8512.9010,Parts of the products of sub-headings 8512.4010
8512.9020,Knobs for light switches for agricultural tractors of sub - headings 8701.9220 and 8701.9320
8512.9030,Knobs for light switches for motor cars and vehicles
8512.9090,Other
8513.1010,Miners' safety lamps
8513.1020,Other safety lamps; Morse signalling lamps; examination lamps
8513.1030,Rechargeable emergency light
8513.1040,Torches
8513.1050,Huricane lanterns
8513.1090,Other - Parts
8513.9010,Of Miners' safety lamps
8513.9090,Other
8514.1100,Hot isostatic presses
8514.1900,Other
8514.2000,Furnaces and ovens functioning by induction or dielectric loss
8514.3100,Electron beam furnaces
8514.3200,Plasma and vacuum arc furnaces
8514.3900,Other
8514.4000,Other equipment for the heat treatment of materials by induction or dielectric loss
8514.9000,Parts
8515.1100,Soldering iron and guns
8515.1900,Other - Machines and apparatus for resistance welding of metal
8515.2100,Fully or partly automatic
8515.2900,Other - Machines and apparatus for arc (including plasma arc) welding of metals
8515.3100,Fully or partly automatic
8515.3900,Other
8515.8000,Other machines and apparatus
8515.9000,Parts
8516.1010,In CKD/SKD condition
8516.1090,Other - Electric space heating apparatus and electric soil heating apparatus
8516.2100,Storage heating radiators
8516.2900,Other - Electro-thermic hair-dressing or hand-drying apparatus
8516.3100,Hair dryers
8516.3200,Other hair-dressing apparatus
8516.3300,Hand-drying apparatus
8516.4000,Electric smoothing irons - Microwave ovens
8516.5010,In CKD/SKD condition
8516.5090,"Other - Other ovens; cookers, cooking plates, boiling rings, grillers and roasters"
8516.6010,Electric oven
8516.6020,Electric ranges
8516.6030,Electric roasters/grillers
8516.6090,Other - Other electro-thermic appliances
8516.7100,Coffee or tea makers
8516.7200,Toasters - - Other
8516.7910,Insect killers
8516.7990,Other - Electric heating resistors
8516.8010,Electric Heating Element for Refrigerators/Power condensation heater for motors
8516.8090,Other
8516.9000,Parts
8517.1100,Line telephone sets with cordless handsets - - Smartphones
8517.1310,In CKD/SKD condition Rs.250/set
8517.1390,Other Rs.250/set - Other telephones for cellular networks or for other wireless networks - - - Cellular mobile phone
8517.1411,In CKD/SKD condition Rs.250/set
8517.1419,Other Rs.250/set
8517.1420,Fixed wireless terminal and CDMA
8517.1430,"Satellite mobile phone, whether or not functional on cellular networks"
8517.1490,Other - - Other
8517.1810,Video phones
8517.1890,"Other - Other apparatus for transmission or reception of voice, images or other data, including apparatus for communication in a wired or wireless network (such as a"
8517.6100,"Base stations - - Machines for the reception, conversion and transmission or regeneration of voice, images or other data, including switching and routing apparatus"
8517.6210,Voice fequency telegraphy
8517.6220,Modems
8517.6230,High bit rate digital hierarchy system (SDH)
8517.6240,Digital loop carrier system (DLC)
8517.6250,Synchronous digital hierarchy system (SDH)
8517.6260,"Multiplexers, statistical multiplexers"
8517.6270,Routers
8517.6280,Smart Watches
8517.6290,Other - - Other
8517.6910,ISDN system
8517.6920,ISDN terminal adapters
8517.6950,Set top boxes for gaining access to internet
8517.6960,Attachements for telephones
8517.6970,"Networking equipments like LAN bridges, hubs, switches and repeaters"
8517.6980,Multi-station access units
8517.6990,Other - Parts
8517.7100,Aerials and aerial reflectors of all kinds; parts suitable for use therewith
8517.7900,Other
8518.1010,"Microphones having a frequency range of 300 Hz to KHz with a diameter not exceeding 10 mm and a height not exceeding 3 mm, for telecommunication use"
8518.1090,"Other - Loudspeakers, whether or not mounted in their enclosures"
8518.2100,"Single loudspeakers, mounted in their enclosure"
8518.2200,"Multiple loudspeakers, mounted in the same enclosure - - Other"
8518.2910,"Loudspeakers, without housing, having a frequency range of 300 Hz to 3.4 KHz with a diameter of not exceeding 50mm, for telecommunication use"
8518.2990,Other
8518.3000,"Headphones and earphones, whether or not combined with a microphone, and sets consisting of a microphone and one or more loudspeakers"
8518.4000,Audio-frequency electric amplifiers
8518.5000,Electric sound amplifier sets
8518.9000,Parts
8519.2000,"Apparatus operated by coins, banknotes, bank Cards, tokens or by other means of payment"
8519.3000,"Turntables (record-decks) - Other apparatus: - - Using magnetic, optical or semiconductor media"
8519.8110,Dubbing system of a kind used in film studios and production houses
8519.8190,Other - - Other
8519.8910,Compact disc players
8519.8920,Dubbing system of a kind used in film studios and production houses
8519.8930,MP-3 player
8519.8990,Other
8521.1010,V.C.R
8521.1020,V.C.P
8521.1090,Other - Other
8521.9010,Laser video Disc Player
8521.9090,Other
8522.1000,Pick-up cartridges
8522.9000,Other
8523.2100,Cards incorporating a magnetic stripe - - Other
8523.2910,Magnetic discs
8523.2920,"Video magnetic tapes including those in hubs and reels, rools, pancakes and jumbo rolls"
8523.2930,Audio cassettes
8523.2940,Video cassettes
8523.2990,Other - Optical media: - - Unrecorded
8523.4110,Compact disc (CD)
8523.4120,Digital versatile discs (DVD)
8523.4190,Other - - Other
8523.4910,containing software
8523.4920,Discs for laser reading system containing audio material
8523.4930,Discs for laser reading system containing images or video material
8523.4990,Other - Semiconductor media : - - Solid-state non-volatile storage devices
8523.5110,"Multimedia memory cards (MMC), SD cards"
8523.5120,Other multimedia storage devices capable of connecting to an automatic data processing machine
8523.5130,Containing software
8523.5190,Other - - “Smart cards”
8523.5210,SIM cards
8523.5220,Memoray cards
8523.5290,Other - - Other
8523.5910,Proximity cards and tags
8523.5990,Other - Other
8523.8010,"Other, for reproducing representations of instructions, data sound and image, recorded in a machine readable binary form, and capable of being manipulated or providing interactivity to a user, by means of an automatic data"
8523.8020,Gramophone records
8523.8040,Video tapes of education nature
8523.8050,Digital Quran
8523.8090,Other
8524.1100,Of liquid crystals
8524.1200,Of organic light-emitting diodes (OLED)
8524.1900,Other - - Other
8524.9100,Of liquid crystals
8524.9200,Of organic light-emitting diodes (OLED)
8524.9900,Other
8525.5010,Radio broadcast transmitter
8525.5020,TV broadcast transmitter
8525.5030,Communication jamming equipment
8525.5040,Wireless microphone
8525.5090,Other - Transmission apparatus incorporating reception apparatus
8525.6010,Blue tooth whether or not capable Of connecting to an automatic data processing machine
8525.6020,Radio paging apparatus
8525.6030,Walkie talkie set
8525.6040,VSAT terminals
8525.6050,Other satellite communication equipment
8525.6060,Vehicle tracking system
8525.6070,Modems
8525.6090,"Other - Television cameras, digital cameras and video camera recorders"
8525.8100,High-speed goods as specified in Subheading Note 1 to this Chapter
8525.8200,"Other, radiation-hardened or radiation-tolerant goods as specified in Subheading Note 2 to this Chapter"
8525.8300,"Other, night vision goods as specified in Subheading Note 3 to this Chapter"
8525.8910,Close circuit TV cameras
8525.8920,Multimedia still/video camera
8525.8930,Television cameras
8525.8940,Digital cameras
8525.8950,Video cameras recorders
8525.8990,Other
8526.1000,Radar apparatus - Other
8526.9100,Radio navigational aid apparatus
8526.9200,Radio remote control apparatus
8527.1200,Pocket-size radio cassette-players
8527.1300,Other Apparatus combined with sound recording or reproducing Apparatus
8527.1900,"Other - Radio-broadcast receivers not capable of operating without an external source of power, of a kind used in motor vehicles"
8527.2110,For vehicles of chapter 87
8527.2190,Other - - Other
8527.2910,For vehicles of chapter 87
8527.2990,Other - Other
8527.9100,Combined with sound recording or reproducing apparatus
8527.9200,not combined with sound recording or reproducing apparatus but combined with a clock
8527.9910,Modems
8527.9990,Other
8528.4200,Capable of directly connecting to and designed for use with an automatic data processing machine of heading
8528.4900,Other - Other monitors
8528.5200,Capable of directly connecting to and designed for use with an automatic data processing machine of heading
8528.5900,Other - Projectors : - - Capable of directly connecting to and designed for use with an automatic data processing machine of heading
8528.6210,Multimedia projector
8528.6290,Other
8528.6900,"Other - Reception apparatus for television, whether or not incorporating radio-broadcast receivers or sound or video recording or reproducing apparatus"
8528.7110,Reception apparatus for receiving satellite signals of a kind used with TV (satellite dish receivers)
8528.7190,"Other - - Other, colour: - - - Television set"
8528.7211,"LCD, LED and OLED"
8528.7213,In CKD/SKD condition
8528.7219,Other
8528.7290,Other
8528.7300,"Other, monochrome"
8529.1010,"Parts and accessories for cable TV/Satellite receiver i.e, (spliter, channel combiners, signal amplifiers etc)"
8529.1020,"LNB, actuators"
8529.1090,Other - Other
8529.9020,T.V tuners
8529.9030,T.V. converter box
8529.9090,Other
8530.1000,Equipment for railways or tramways
8530.8000,Other equipment
8530.9000,Parts
8531.1000,Burglar or fire alarms and similar apparatus
8531.2000,Indicator panels incorporating liquid crystal devices (LCD) or light-emitting diodes (LED)
8531.8000,Other apparatus - Parts
8531.9010,Panic button
8531.9020,Parts of apparatus of sub-heading 8531.2000
8531.9090,Other
8532.1000,Fixed capacitors designed for use in 50/60 Hz circuits and having a reactive power handling capacity of not less than 0.5 kvar (power capacitors)
8532.2100,Tantalum
8532.2200,Aluminium electroylic
8532.2300,"Ceramic dielectric, single layer"
8532.2400,"Ceramic dielectric, multilayer"
8532.2500,Dielectric of paper or plastics
8532.2900,Other - Variable or adjustable (pre-set) capacitors
8532.3090,Other - Parts
8532.9010,Capaciters decks of metal or plastic with terminals or connectors
8532.9020,Capaciters terminals
8532.9090,Other
8533.1000,"Fixed carbon resistors, composition or film types - Other fixed resistors"
8533.2100,For a power handling capacity not exceeding 20 W
8533.2900,"Other - Wirewound variable resistors, including rheostats and potentiometers"
8533.3100,For a power handling capacity not exceeding 20 W
8533.3900,Other
8533.4000,"Other variable resistors, including rheostats and potentiometers"
8533.9000,Parts
8534.0000,Printed circuits
8535.1000,Fuses - Automatic circuit breakers: - - For a voltage of less than 72.5 kV
8535.2110,Upto 17.5 kV
8535.2190,Other
8535.2900,Other - Isolating switches and make-and-break switches
8535.3010,For a voltage upto 145 kV
8535.3090,"Other - Lightening arrestors, voltage limiters and surge suppressors"
8535.4010,For a voltage upto 245 kV
8535.4090,Other
8535.9000,Other
8536.1010,For motor cars and vehicles
8536.1090,Other - Automatic circuit breakers
8536.2010,Circuit breakers above 10 amp
8536.2020,"Air Circuit breakers, multi phase"
8536.2090,Other
8536.3000,Other apparatus for protecting electrical circuits - Relays: - - For a voltage not exceeding 60 V
8536.4110,For motor cars and vehicles
8536.4190,Other - - Other
8536.4910,For motor cars and vehicles
8536.4990,Other - Other switches
8536.5010,Pressure switches - - - Switches for vehicles of chapter 87
8536.5021,(1) Ignition switches without combination steering lock for motor cars of heading 87.03 (not exceeding 800 cc) (2) Ignition switches (with or without combination lock) and handle switch assembly for vehicles of heading 87.11
8536.5022,"Neutral safety switch, push button, ignition switch, light switch, stop light switch, and horn switch for vehicles of sub - headings 8701.9220 and 8701.9320"
8536.5029,Other - - - Other
8536.5091,Other for motor cars and vehicles
8536.5099,"Other - Lamp-holders, plugs and sockets"
8536.6100,Lamp-holders - - Other
8536.6910,Plugs and Sockets with pins 16 and above
8536.6990,Other
8536.7000,"Connectors for optical fibres, optical fibre bundles or cables"
8536.9010,Wafer probers
8536.9030,Mangetic contactors/thermal protectors for motors
8536.9090,Other
8537.1010,Fuse boxes with fuses for vehicles of heading 87.11
8537.1020,Fuse boxes for other motor cars and vehicles
8537.1090,Other
8537.2000,"For a voltage exceeding 1,000 V"
8538.1000,"Boards, panels, consoles, desks, cabinets and other bases for the goods of heading 85.37, not equipped with their apparatus"
8538.9010,Vacuum Interrupters for vacuum circuit breakers
8538.9090,Other
8539.1000,"Sealed beam lamp units - Other filament lamps, excluding ultra-violet or infra-red lamps: - - Tungsten halogen"
8539.2110,Bulbs for automotive vehicles
8539.2190,Other
8539.2200,"Other, of a power not exceeding 200 W and for a voltage exceeding 100V"
8539.2910,For automotive vehicles
8539.2920,For flash light
8539.2990,"Other - Discharge lamps, other than ultra-violet lamps: - - Fluorescent, hot cathode"
8539.3110,Energy saving lamp
8539.3120,Energy saving tube
8539.3190,Other - - Mercury or sodium vapour lamps; metal halide lamps
8539.3210,Energy saving lamp
8539.3220,Energy saving tube
8539.3290,Other
8539.3900,Other - Ultra-violet or infra-red lamps; arc-lamps
8539.4100,Arc-lamps - - Other
8539.4910,Infra-red lamp
8539.4920,Ultra-violet lamps - Light-emitting diode (LED) light sources
8539.5100,light-emitting diode (LED) modules - - light-emitting diode (LED) lamps
8539.5210,Bulb
8539.5220,Tube - Parts
8539.9010,Tungsten filament and lead in wire for bulbs and tube lights
8539.9020,Base cap for bulb
8539.9030,Base cap for tube light
8539.9040,Parts for energy saving lamps
8539.9090,Other
8540.1100,Colour
8540.1200,Monochrome
8540.2000,Television camera tubes; image converters and intensifiers; other photo-cathode tubes
8540.4000,"Data/graphic display tubes, monochrome; data/graphic display tubes, colour, with a phosphor dot screen pitch smaller than 0.4 mm"
8540.6000,"Other cathode-ray tubes - Microwave tubes (for example, magnetrons, klystrons, travelling wave tubes, carcinotrons), excluding grid-controlled tubes"
8540.7100,Magnetrons
8540.7900,Other - Other valves and tubes
8540.8100,Receiver or amplifier valves and tubes
8540.8900,Other - Parts
8540.9100,Of cathode-ray tubes
8540.9900,Other
8541.1000,"diodes, other than photosensitive of light-emitting diodes(LED)"
8541.2100,With a dissipation rate of less than 1 W
8541.2900,Other
8541.3000,"Thyristors, diacs and triacs, other than photosensitive devices"
8541.4100,Light-emitting diodes (LED)
8541.4200,Photovoltaic cells not assembled in modules or made up into panels
8541.4300,Photovoltaic cells assembled in modules or made up into panels
8541.4900,Other - Other semiconductor devices
8541.5100,Semiconductor-based transducers
8541.5900,Other
8541.6000,Mounted piezo-electric crystals
8541.9000,Parts
8542.3100,"Processors and controllers, whether or not combined with memories, converters, logic circuits, amplifiers, clock and timing circuits, or other circuits"
8542.3200,Memories
8542.3300,Amplifiers
8542.3900,Other
8542.9000,Parts
8543.1000,Particle accelerators
8543.2000,Signal generators
8543.3000,"Machines and apparatus for electroplating, electrolysis or electrophoresis"
8543.4000,Electronic cigarettes and similar personal electric vaporising devices
8543.7010,Remote control
8543.7020,Insect killer
8543.7090,Other - Parts
8543.9010,Of machines of heading 8543.1000 & 8543.2000
8543.9090,Other
8544.1110,Enamelled wire with nylon cover
8544.1190,Other
8544.1900,Other
8544.2000,"Co-axial cable and other co-axial electric conductors - Ignition wiring sets and other wiring sets of a kind used in vehicles, aircraft or ships: - - - Of a kind used in vehicles of chapter 87"
8544.3011,Wiring sets and cable sets for vehicles of heading
8544.3012,Wiring sets and cable sets for vehicles of heading
8544.3019,Other
8544.3090,"Other - Other electric conductors, for a voltage not exceeding 1,000 V : - - Fitted with connectors"
8544.4210,Computer leads - - - Of a kind used in vehicles of chapter 87
8544.4221,Wiring sets and cable sets for vehicles of heading
8544.4222,Wiring sets and cable sets for vehicles of heading
8544.4229,Other
8544.4290,Other - - Other
8544.4910,Telephone cables
8544.4920,"Multi core, flexible, flat type copper, insulated (all features together)"
8544.4990,"Other - Other electric conductors, for a voltage exceeding 1,000 V"
8544.6010,"For a voltage exceeding 1,000 V but not exceeding 72,000 V"
8544.6020,Photovoltaic power cable having single conductor of kind used for solar
8544.6090,Other
8544.7000,Optical fibre cables
8545.1100,Of a kind used for furnaces
8545.1900,Other
8545.2000,Brushes - Other
8545.9010,For motor vehicles including tractors
8545.9020,For dry battery cells
8545.9090,Other
8546.1000,Of glass
8546.2000,Of ceramics
8546.9000,Other
8547.1000,Insulating fittings of cermics
8547.2000,Insulating fittings of plastics
8547.9000,Other
8548.0000,"Electrical parts of machinery or apparatus, not specified or included elsewhere in this Chapter"
8549.1100,Waste and scrap of lead-acid accumulators; spent lead-acid accumulators
8549.1200,"Other, containing lead, cadmium or mercury"
8549.1300,"Sorted by chemical type and not containing lead, cadmium or mercury"
8549.1400,"Unsorted and not containing lead, cadmium or mercury"
8549.1900,Other - Of a kind used principally for the recovery of precious metal
8549.2100,"Containing primary cells, primary batteries, electric accumulators, mercury-switches, glass from cathode-ray tubes or Other activated glass, or electrical or Electronic components containing cadmium, mercury, lead or"
8549.2900,Other - Other electrical and electronic assemblies and printed circuit boards
8549.3100,"Containing primary cells, primary batteries, electric accumulators, mercury-switches, glass from cathode-ray tubes or Other activated glass, or electrical or Electronic components containing cadmium, mercury, lead or"
8549.3900,Other -Other
8549.9100,"Containing primary cells, primary batteries, electric accumulators, mercury-switches, glass from cathode-ray tubes or Other activated glass, or electrical or Electronic components containing cadmium, mercury, lead or"
8549.9900,Other
8601.1000,Powered from an external source of electricity
8601.2000,Powered by electric accumulators
8602.1000,Diesel-electric locomotives
8602.9000,Other
8603.1000,Powered from an external source of electricity
8603.9000,Other
8604.0000,"Railway or tramway maintenance or service vehicles, whether or not self-propelled (for example, workshops, cranes, ballast tampers, trackliners, testing coaches and track inspection vehicles)"
8605.0000,"Railway or tramway passenger coaches, not self-propelled; luggage vans, post office coaches and other special purpose railway or tramway coaches, not self-propelled (excluding those of heading 86.04)"
8606.1000,Tank wagons and the like
8606.3000,"Self-discharging vans and wagons, other than those of subheading 8606.10"
8606.9100,Covered and closed
8606.9200,"Open, with non-removable sides of a height exceeding 60 cm"
8606.9900,Other
8607.1100,Driving bogies and bissel-bogies
8607.1200,Other bogies and bissel bogies
8607.1900,"Other, including parts - Brakes and parts thereof"
8607.2100,Air brakes and parts thereof
8607.2900,Other
8607.3000,"Hooks and other coupling devices, buffers, and parts thereof"
8607.9100,Of locomotives
8607.9900,Other
8608.0000,"Railway or tramway track fixtures and fittings; mechanical (including electro-mechanical) signalling, safety or traffic control equipment for railways, tramways, roads, inland waterways, parking facilities,"
8609.0000,Containers (including containers for the transport of fluids) specially designed and equipped for carriage by one or more modes of transport
8701.1010,"Components for the assembly/ manufacture, in any kit form"
8701.1090,Other - Road tractors for semi-trailers: - - With only compression-ignition internal combustion piston engine (diesel or semi-diesel)
8701.2020,", 8701.2090, and 8701.2040 (2) Radiator / engine cooling system hoses and air hoses for vehicles of sub - headings 8701.9220 and 8701.9320 (3) Air cleaner hoses, vacuum tank hoses and water cooling"
8701.2040,", 8701.9220, 8701.9320, 8704.2219, 8704.2299 and 8704.2390"
8701.2090,", 8701.9220, 8701.9320, 8704.2219, 8704.2299 and 8704.2390 (2) Fan pulley for vehicles of heading 87.02 and sub-heading 8701.2020, 8701.2040, 8701.2090, 8704.2299 and"
8701.2110,"Components for the assembly / manufacture of road tractors for semi-trailers (prime movers), in any kit form, of less than 280 HP"
8701.2120,Road tractors for semi-trailers (prime movers) less than 280 HP
8701.2130,"Components for the assembly / manufacture of road tractors for semi-trailers (prime movers), in any kit form, of 280 HP and above"
8701.2140,Road tractors for semi-trailers (prime movers) of 280 HP and above
8701.2190,Other - - With both compression-ignition internal combustion piston engine (diesel or semi-diesel) and electric motor as motors for propulsion
8701.2210,"Components for the assembly/manufacture, in any kit form"
8701.2290,Other - - With both spark-ignition internal combustion piston engine and electric motor as motors for propulsion
8701.2310,"Components for the assembly/manufacture, in any kit form"
8701.2390,Other - - With only electric motor for propulsion
8701.2410,"Components for the assembly/manufacture, in any kit form"
8701.2490,Other - - Other
8701.2910,"Components for the assembly/manufacture, in any kit form"
8701.2990,Other - Track-laying tractors
8701.3010,"Components for the assembly/manufacture, in any kit form"
8701.3090,Other - Other of an engine power
8701.9100,Not exceeding 18 kW - - Exceeding 18 kW but not exceeding 37 kW
8701.9210,"Components for the assembly / manufacture of agricultural tractors, in any kit form"
8701.9220,and 8701.9320
8701.9290,Other - - Exceeding 37 kW but not exceeding 75 kW
8701.9310,"Components for the assembly / manufacture of agricultural tractors, in any kit form"
8701.9320,"Agricultural Tractors, having an engine capacity exceeding 37 kW but not exceeding 75 kW"
8701.9390,Other
8701.9400,Exceeding 75 kW but not exceeding 130 kW
8701.9500,Exceeding 130 kW
8702.1010,"Components for assembly / manufacture of vehicles, in any kit form"
8702.1090,Other - With both compression-ignition internal combustion piston engine (diesel or semi-diesel) and electric motor as motors for propulsion
8702.2010,"Components for assembly / manufacture of vehicles, in any kit form"
8702.2090,Other - With both spark-ignition internal combustion piston engine and electric motor as motors for propulsion
8702.3010,"Components for assembly / manufacture of vehicles, in any kit form"
8702.3090,Other - With only electric motor for propulsion
8702.4010,"Components for assembly / manufacture of vehicles, in any kit form"
8702.4090,Other - Other
8702.9010,"Components for assembly / manufacture of vehicles, in any kit form"
8702.9020,"Components for assembly / manufacture of Fully dedicated LNG/ LPG or CNG buses, in any kit form"
8702.9030,Fully dedicated LNG buses (CBU)
8702.9040,Fully dedicated LPG buses (CBU)
8702.9050,Fully dedicated CNG buses (CBU)
8702.9090,Other
8703.1000,"Vehicles specially designed for traveling on snow, golf cars and similar vehicles"
8703.2111,"Components for the assembly/ manufacture of vehicles, in any kit form excluding those of headings"
8703.2112,"Components for the assembly / manufacture of mini van type vehicles, in any kit form"
8703.2113,", 8703.2193, 8703.2195, 8703.2240 and"
8703.2114,"Components for the assembly/ manufacture of auto rickshaws, in any kit form"
8703.2115,Auto rickshaws (CBU)
8703.2119,Other - - - Of a cylinder capacity exceeding 850cc but not exceeding 1000cc
8703.2191,"Components for the assembly / manufacture of vehicles, in any kit form excluding those of heading"
8703.2192,"Components for the assembly / manufacture of 4x4 vehicles, in any kit form"
8703.2193,", 8703.2195, 8703.2240, 8704.3130 and"
8703.2194,"Components for the assembly / manufacture of Mini Van, in any kit form"
8703.2195,", 8703.2240, 8704.3130 and 8704.3190 (5) Exhaust manifold (Iron Casting Type) for automotive engines as well as of motor cars of heading 87.03 and vehicles of sub-heading 8703.2113, 8703.2195, 8703.2240,"
8703.2199,"Other - - Of a cylinder capacity exceeding 1,000cc but not exceeding 1,500 cc"
8703.2210,"Components for the assembly / manufacture of vehicles, in any kit form excluding those of heading"
8703.2220,Vehicles of a cylinder capacity exceeding 1000cc but not exceeding 1300cc
8703.2230,"Components for the assembly / manufacture of mini van, in any kit form"
8703.2240,", 8704.3130 and 8704.3190"
8703.2250,Components for the assembly / manufacture of sport utility vehicles in any kit form
8703.2260,", 8703.2313, 8703.2323, 8703.3223, 8703.3225,"
8703.2290,"Other - - Of a cylinder capacity exceeding 1,500cc but not exceeding 3,000cc: - - - Of a capacity exceeding 1,500cc but not exceeding"
8703.2311,"Components for the assembly / manufacture of vehicles, in any kit form"
8703.2312,Components for the assembly / manufacture of sport utility vehicles in any kit form
8703.2313,Sport utility vehicles
8703.2319,"Other - - - Other, of a capacity exceeding 1,800cc but not exceeding 3,000cc"
8703.2321,"Components for the assembly / manufacture of vehicles, in any kit form excluding of heading 8703.2323 100"
8703.2322,"Components for the assembly / manufacture of sport utility vehicles 4X4, in any kit form 100"
8703.2323,Sport utility vehicles (SUVs 4x4) 100
8703.2329,"Other 100 - - Of a cylinder capacity exceeding 3,000cc"
8703.2410,"Components for the assembly / manufacture of vehicles, in any kit form 100"
8703.2490,"Other 100 - Other vehicles, with only compression-ignition internal combustion piston engine (diesel or semi-diesel): - - Of a cylinder capacity not exceeding 1,500cc"
8703.3111,"Components for the assembly / manufacture of vehicles, in any kit form"
8703.3112,"Other - - - - Of a cylinder capacity exceeding 850cc but not exceeding 1,000cc"
8703.3121,"Components for the assembly / manufacture of vehicles, in any kit form"
8703.3129,"Other - - - Of a cylinder capacity exceeding 1,000cc but not exceeding 1,500cc"
8703.3131,"Components for the assembly / manufacture of vehicles, in any kit form"
8703.3139,"Other - - Of a cylinder capacity exceeding 1,500cc but not exceeding 2,500 cc: - - - Of a capacity exceeding 1,500 cc but not exceeding"
8703.3211,"Components for the assembly / manufacture of vehicles, in any kit form"
8703.3219,"Other - - - Other, of a capacity exceeding 1,800 cc but not exceeding 2,500 cc"
8703.3221,"Components for the assembly/ manufacture of vehicles, in any kit form excluding those of headings"
8703.3222,"Components for the assembly / manufacture of sport utility vehicles, in any kit form 100"
8703.3223,", 8703.3225 and 8703.3227 100"
8703.3224,"Components for assembly / manufacture of all terrain vehicles (4x4), in any kit form 100"
8703.3225,All terrain vehicles (4x4) 100
8703.3226,Components for assembly/manufacture of specially designed twin cabin type taxi of sub-heading 8703.3227
8703.3227,"Specially designed twin cabin type taxi in CBU, build on girder chassis with the following features: (1) Attack resistance central division along with payment tray"
8703.3229,Other 100 - - Of a cylinder capacity exceeding 2500cc
8703.3310,"Components for the industrial assembly/ manufacture of vehicles, in any kit form 100"
8703.3390,"Other 100 - Other vehicles, with both spark-ignition internal combustion piston engine and electric motor as motors for propulsion, other than those capable of being charged by"
8703.4011,"Components for the assembly / manufacture of vehicles, in any kit form"
8703.4019,Other - - - Of a cylinder capacity exceeding 850cc but not exceeding 1000cc
8703.4021,"Components for the assembly / manufacture of vehicles, in any kit form"
8703.4029,"Other - - - Of a cylinder capacity exceeding 1,000cc but not exceeding 1,500cc"
8703.4031,"Components for the assembly / manufacture of vehicles, in any kit form"
8703.4032,Vehicles of a cylinder capacity exceeding 1000cc but not exceeding 1300cc
8703.4039,"Other - - - Of a capacity exceeding 1,500 cc but not exceeding 1,800 cc"
8703.4041,"Components for the assembly / manufacture of vehicles, in any kit form"
8703.4049,"Other - - - Of a cylinder capacity exceeding 1,800cc but not exceeding 3,000 cc"
8703.4051,"Components for the assembly / manufacture of vehicles, in any kit form 100"
8703.4059,"Other 100 - - - Of a cylinder capacity exceeding 3,000cc"
8703.4061,"Components for the assembly / manufacture of vehicles, in any kit form 100"
8703.4069,"Other 100 - Other vehicles, with both compression-ignition internal combustion piston engine (diesel or semi-diesel) and electric motor as motors for propulsion, other than those"
8703.5011,"Components for the assembly / manufacture of vehicles, in any kit form"
8703.5019,Other - - - Of a cylinder capacity exceeding 850cc but not exceeding 1000cc
8703.5021,"Components for the assembly / manufacture of vehicles, in any kit form"
8703.5029,"Other - - - Of a cylinder capacity exceeding 1,000cc but not exceeding 1,500cc"
8703.5031,"Components for the assembly / manufacture of vehicles, in any kit form"
8703.5039,"Other - - - Of a capacity exceeding 1,500 cc but not exceeding 1,800 cc"
8703.5041,"Components for the assembly / manufacture of vehicles, in any kit form"
8703.5049,"Other - - - Of a cylinder capacity exceeding 1,800cc but not exceeding 2,500cc"
8703.5051,"Components for the assembly / manufacture of vehicles, in any kit form 100"
8703.5059,"Other 100 - - - Of a cylinder capacity exceeding exceeding 2,500cc"
8703.5061,"Components for the assembly / manufacture of vehicles, in any kit form 100"
8703.5069,"Other 100 - Other vehicles, with both spark-ignition internal combustion piston engine and electric motor as motors for propulsion, capable of being charged by plugging to"
8703.6011,"Components for the assembly / manufacture of vehicles, in any kit form"
8703.6019,Other - - - Of a cylinder capacity exceeding 850cc but not exceeding 1000cc
8703.6021,"Components for the assembly / manufacture of vehicles, in any kit form"
8703.6029,"Other - - - Of a cylinder capacity exceeding 1,000cc but not exceeding 1,500cc"
8703.6031,"Components for the assembly / manufacture of vehicles, in any kit form"
8703.6032,"Vehicles of a cylinder capacity exceeding 1,000cc but not exceeding 1,300cc"
8703.6039,"Other - - - Of a capacity exceeding 1,500 cc but not exceeding 1,800 cc"
8703.6041,"Components for the assembly / manufacture of vehicles, in any kit form"
8703.6049,"Other - - - Of a cylinder capacity exceeding 1,800cc but not exceeding 3,000 cc"
8703.6051,"Components for the assembly / manufacture of vehicles, in any kit form 100"
8703.6059,"Other 100 - - - Of a cylinder capacity exceeding 3,000cc"
8703.6061,"Components for the assembly / manufacture of vehicles, in any kit form 100"
8703.6069,"Other 100 - Other vehicles, with both compression-ignition internal combustion piston engine (diesel or semi-diesel) and electric motor as motors for propulsion, capable of being"
8703.7011,"Components for the assembly / manufacture of vehicles, in any kit form"
8703.7019,"Other - - - Of a cylinder capacity exceeding 850cc but not exceeding 1,000cc"
8703.7021,"Components for the assembly / manufacture of vehicles, in any kit form"
8703.7029,"Other - - - Of a cylinder capacity exceeding 1,000cc but not exceeding 1,500cc"
8703.7031,"Components for the assembly / manufacture of vehicles, in any kit form"
8703.7039,"Other - - - Of a capacity exceeding 1,500 cc but not exceeding 1,800cc"
8703.7041,"Components for the assembly / manufacture of vehicles, in any kit form"
8703.7049,"Other - - - Of a cylinder capacity exceeding 1,800cc but not exceeding 2,500cc"
8703.7051,"Components for the assembly / manufacture of vehicles, in any kit form 100"
8703.7059,"Other 100 - - - Of a cylinder capacity exceeding exceeding 2,500cc"
8703.7061,"Components for the assembly / manufacture of vehicles, in any kit form 100"
8703.7069,"Other 100 - Other vehicles, with only electric motor for propulsion"
8703.8010,"Components for the assembly / manufacture of vehicles, in any kit form excluding those of heading"
8703.8020,"Components for the assembly / manufacture of electric auto rickshaw, in any kit form"
8703.8030,(4) Rubber cushions for bonnet for vehicles of heading
8703.8090,Other
8703.9000,Other 100
8704.1010,Components for assembly/ manufacture of Dump trucks designed for off-highway use
8704.1090,"Other - Other, with only compression-ignition internal combustion piston engine (diesel or semi-diesel) : - - g.v.w. not exceeding 5 tonnes"
8704.2110,"Components for the assembly / manufacture of vehicles, in any kit form"
8704.2190,"and 8704.3190 (5) Rubber cushions for bonnet, rubber drain plug, hole covers and pads / cushions for absorbing shock / noise in struts / suspensions, for vehicles of heading 87.03"
8704.2211,"Components for the assembly / manufacture of vehicles, in any kit form"
8704.2212,CBU 2 axle
8704.2213,CBU above 2 axle
8704.2219,(5) Air cleaner hoses for vehicles of sub - headings 8704.2299 and 8704.2390
8704.2291,"Components for the assembly / manufacture of vehicles, in any kit form"
8704.2292,CBU 2 axle
8704.2293,CBU above 2 axle
8704.2299,and 8704.2390
8704.2310,"Components for the assembly / manufacture of vehicles, in any kit form"
8704.2320,CBU 2 axle
8704.2330,CBU above 2 axle
8704.2390,"(3) Pulleys for crank shaft, alternator and water pump for agricultural tractors of sub - headings 8701.9220 and"
8704.3110,"Components for the assembly / manufacture, in any kit form excluding those of heading 8704.3130 and"
8704.3120,"Components for the assembly / manufacture of mini cargo van, in any kit form"
8704.3130,and 8704.3190 (2) Hose side demister for vehicles of heading 87.03
8704.3140,"Components for the assembly / manufacture of 3-wheeler cargo loader, in any kit form"
8704.3150,", 8704.3190 and vehicles of heading 87.11 (other than foam type)"
8704.3190,"(8) Trim door opening and door moulding for door opening for motor cars of heading 87.03 and vehicles of sub - heading 8703.2113, 8703.2193, 8703.2195, 8703.2240 and"
8704.3210,Components for assembly/ manufacture of vehicles in any kit form
8704.3220,CBU 2 axle
8704.3230,CBU above 2 axle
8704.3290,"Other - Other, with both compression-ignition internal combustion piston engine (diesel or semi-diesel) and electric motor as motors for propulsion"
8704.4100,g.v.w. not exceeding 5 tonnes
8704.4200,g.v.w. exceeding 5 tonnes but not exceeding 20 tonnes
8704.4300,"g.v.w. exceeding 20 tonnes - Other, with both spark-ignition internal combustion piston engine and electric motor as motors for propulsion"
8704.5100,g.v.w. not exceeding 5 tonnes
8704.5200,g.v.w. exceeding 5 tonnes - Other with only electric motor for propulsion
8704.6010,"Components for the assembly / manufacture of vehicles, in any kit form excluding those of heading"
8704.6020,"Components for the assembly / manufacture of Electric trucks, in any kit form"
8704.6030,Electric trucks (CBU)
8704.6090,Other
8704.9000,Other
8705.1000,Crane lorries
8705.2000,Mobile drilling derricks
8705.3000,Fire fighting vehicles
8705.4000,Concrete-mixer lorries
8705.9000,Other
8706.0000,"Chassis fitted with engines, for the motor vehicles of headings"
8707.1000,For vehicles of heading 87.03 - Other
8707.9010,For vehicles of headings 8704.2190 and 8704.3190
8707.9090,Other
8708.1010,(1) Bumpers (sheet metal) for vehicles of sub - heading
8708.1020,(1) Following components for vehicles of heading (i) Front and Rear Bumper and parts thereof (ii) Member/reinforcement for bumpers (iii) Side supports / stay/ bracket for bumpers
8708.1090,Other - Other parts and accessories of bodies (including cabs): - - Safety seat belts
8708.2110,"For vehicles of heading 87.03 and vehicles of subheadings 8704.2190, 8704.3130 and 8704.3190"
8708.2120,For vehicles of heading 87.02 and sub-headings
8708.2190,Other
8708.2200,"Front windscreens (windshields), rear windows and other windows specified in Subheading Note 1 to this Chapter"
8708.2911,(A) Following components for vehicles of sub-heading
8708.2919,Other
8708.2920,Following components for vehicles of heading 87.02 : (1)Battery carrier assembly and parts thereof (2) Cross members for frame (3) Engine hood and parts thereof
8708.2931,(A) Following components for motor cars of heading
8708.2932,(A) Following components for motor cars of sub-heading 8703.2119 and 8703.3112: (1) Sash front door rear R/L (excl. door windows) (2) Sash rear door center (excl. door windows)
8708.2939,Other - - - For vehicles of heading 87.04
8708.2941,(A) Following components for vehicles of sub - heading 8704.2190
8708.2942,(A) Following components for vehicles of sub - heading 8704.2219
8708.2949,Other
8708.2990,Other - Brakes and servo-brakes; parts thereof
8708.3010,(A) Following components for vehicles of heading
8708.3020,"Following components for vehicles of heading 87.03 (1) Brake pedal box assembly and parts, top cover for brake pedal (sheet metal), hand brake lever assembly and parts and brake pipes of vehicles of sub – heading"
8708.3031,"(A) Following components, of vehicles of sub - heading 8704.2190"
8708.3032,"(A) Following components, of vehicles of sub - heading 8704.2219"
8708.3039,Other
8708.3090,Other - - - Other - Gear boxes and parts thereof
8708.4010,Following components for agricultural tractors of sub-headings 8701.9220 and 8701.9320
8708.4090,"Other - Drive-axles with differential, whether or not provided with other transmission components and non driving axles; parts thereof"
8708.5010,"(1) Built up drive axles with hub and brake drum for vehicles of heading 87.02 and sub - headings 8701.2090,"
8708.5020,(1) Built up drive axles for vehicles of sub – heading
8708.5090,Other - Road wheels and parts and accessories thereof
8708.7010,"Road wheels (excluding casted), rims discs, caps, ornaments and weights for vehicles of heading 87.03 and vehicles of sub-headings 8704.2190, 8704.3130, 8704.3150 and 8704.3190"
8708.7020,"Road wheels (excluding casted), rims, discs, caps, ornaments and weights for vehicles of heading 87.02 and sub-headings 8701.9220, 8701.9320, 8704.2219,"
8708.7090,Other - Suspension System and parts thereof (including Shock absorbers)
8708.8010,"(1) Suspension Shock absorbers for motor cars of heading 87.03 and vehicles of sub-headings 8703.2113,"
8708.8020,"Pin for shock absorbers (4x2 vehicles only) for vehicles of sub headings 8701.2020, 8701.2090, and 8701.9060"
8708.8090,Other - Other parts and accessories: - - Radiators and parts thereof
8708.9110,Radiator of a kind with aluminum core
8708.9120,"Radiator other than aluminum core for vehicles of heading 87.03 and vehicles of sub-headings 8704.2190,"
8708.9130,"Radiator other than aluminum core, for vehicles of heading 87.02 and sub-headings 8701.2020 (4x2 vehicles only), 8701.2090,, 8701.9060, 8704.2219, 8704.2299,"
8708.9190,Other - - Silencers (Mufflers) and exhaust pipes; parts thereof
8708.9210,"Silencers, mufflers and exhaust pipes for vehicles of heading 87.03 and vehicles of sub-headings 8704.2190,"
8708.9220,"Silencers, mufflers and exhaust pipesfor vehicles of heading 87.02 and sub-headings 8701.2020 (4x2 vehicles only), 8701.2090, 8701.2040, 8701.9220, 8701.9320,"
8708.9290,Other - - Clutches and parts thereof
8708.9310,"(1) Upper and lower plates for clutch housing (other than clutch plate) of a kind used with engines not exceeding 1200cc for motor cars of heading 87.03 and vehicles of sub-heading 8703.2113, 8703.2195, 8703.2240, 8704.3130 and"
8708.9320,Following parts for agricultural tractors of sub-headings 8701.9220 and 8701.9320 : (1) Clutches (with or without driven plates) (2) Fork for clutches
8708.9390,"Other - - Steering wheels, steering columns and steering boxes; and parts thereof"
8708.9410,"(1) Steering wheels (non air bag/ non PU foamed type) for motor cars of heading 87.03 not exceeding 1200cc and vehicles of sub-headings 8703.2113, 8703.2193,"
8708.9420,(1) Steering wheels (non foamed) and covers steering shafts for vehicles of sub - heading 8704.2219
8708.9490,Other
8708.9500,Safety Air bags with inflator system; parts thereof - - Other
8708.9910,"Following components for vehicles of heading 87.01: (A) For vehicles of heading 8701.2020, 8701.2090 and"
8708.9920,Following components for vehicles of heading 87.02 : (1) Accelerator / Brake / Clutch pedal assemblies and parts thereof (2) Air cleaner housing
8708.9930,For the vehicles of heading 87.03: (A) Following components for motor cars of heading 87.03 (1) Air cleaner housing assembly and parts thereof (2) Arms for fan belt adjusting
8708.9940,Following components for vehicles of sub - heading
8708.9950,"Following components, for vehicles of heading 87.04 (A) For vehicles of sub-heading 8704.2219: (1) Air cleaner housing (sheet metal) (2) Air intake pipe and its hood"
8708.9990,Other
8709.1100,Electrical
8709.1900,Other
8709.9000,Parts
8710.0010,Armoured cash carrying vehicles
8710.0090,Other
8711.1010,Components for the assembly / manufacture of vehicles in any kit form
8711.1090,Other - With internal combustion piston engine of a cylinder capacity exceeding 50cc but not exceeding 250cc
8711.2010,"Components for the assembly / manufacture of vehicles, in any kit form"
8711.2090,Other - With internal combustion piston engine of a cylinder capacity exceeding 250 cc but not exceeding 500 cc
8711.3010,"Components for the assembly / manufacture of vehicles, in any kit form"
8711.3020,Motorcycle rickshaws in CBU
8711.3090,Other - With internal combustion piston engine of a cylinder capacity exceeding 500 cc but not exceeding 800cc
8711.4010,"Components for the assembly / manufacture of vehicles, in any kit form"
8711.4090,Other - With internal combustion piston engine of a cylinder capacity exceeding 800cc
8711.5010,"Components for the assembly / manufacture of vehicles, in any kit form"
8711.5090,Other - With electric motor for propulsion
8711.6010,"Components for the assembly / manufacture of vehicles, in any kit form excluding those of headings"
8711.6020,"Self-balancing, electrically-powered two wheeled transportation device (hoverboard, smart scooter, drift vehicles)"
8711.6030,"Components for the assembly / manufacture of electric motorcycles, in any kit form"
8711.6040,and 8711.6060
8711.6050,"Components for the assembly / manufacture of 3-wheeler electric loader, in any kit form"
8711.6060,3-Wheeler electric loader (CBU)
8711.6090,Other - Other
8711.9010,"Components for the assembly / manufacture of vehicles, in any kit form"
8711.9090,Other
8712.0000,"Bicycles and other cycles (including delivery tricycles), not motorised"
8713.1000,Not mechanically propelled
8713.9000,Other
8714.1010,Saddles
8714.1020,"Following components for vehicles of heading 87.11:- (1) Air cleaner assembly and parts thereof (2) Axles (front, rear, collar) and parts thereof (3) Battery Box"
8714.1030,Drum gear shift for vehicles of heading 87.11
8714.1040,Following components for vehicles of heading 87.11:- (A) For front shocks: (1) Pipe seat (2) Seat bottom
8714.1090,Other
8714.2000,Of carriages for disabled persons - Other
8714.9100,"Frames and forks, and parts thereof"
8714.9200,"Wheel rims and spokes - - Hubs, other than coaster braking hubs and hub brakes, and free-wheel sprocket-wheels"
8714.9310,Free wheel sprocket wheel for bicycle of heading 87.12
8714.9390,Other
8714.9400,"Brakes, including coaster braking hubs and hub brakes,and parts thereof"
8714.9500,Saddles
8714.9600,"Pedals and crank-gear, and parts thereof"
8714.9900,Other
8715.0000,Baby carriages and parts thereof
8716.1010,"Components for the assembly / manufacture of vehicles, in any kit form"
8716.1090,Other - Self-loading or self-unloading trailers and semi-trailers for agriculture purposes
8716.2010,"Components for the assembly / manufacture of vehicles, in any kit form"
8716.2090,Other - Other trailers and semi-trailers for the transport of goods: - - Tanker trailers and tanker semi-trailers
8716.3110,"Components for the assembly / manufacture of vehicles, in any kit form"
8716.3190,Other - - Other
8716.3910,"Components for the assembly / manufacture of vehicles, in any kit form"
8716.3990,Other - Other trailers and semi-trailers
8716.4010,"Components for the assembly / manufacture of vehicles, in any kit form"
8716.4090,Other - Other vehicles
8716.8010,"Components for the assembly / manufacture of vehicles, in any kit form"
8716.8090,Other
8716.9000,Parts
8801.0000,"Balloons and dirigibles; gliders, hang gliders and other non-powered aircraft"
8802.1100,"Of an unladen weight not exceeding 2,000 kg"
8802.1200,"Of an unladen weight exceeding 2,000 kg"
8802.2000,"Aeroplanes and other aircraft, of an unladen weight not exceeding 2,000 kg"
8802.3000,"Aeroplanes and other aircraft, of an unladen weight exceeding 2,000 kg but not exceeding 15,000 kg"
8802.4000,"Aeroplanes and other aircraft, of an unladen weight exceeding 15,000 kg"
8802.6000,Spacecraft (including satellites) and suborbital and spacecraft launch vehicles
8804.0000,Parachutes (including dirigible parachutes and paragliders) and rotochutes; parts thereof and accessories thereto
8805.1000,Aircraft launching gear and parts thereof; deck-arrestor or similar gear and parts thereof
8805.2100,Air combat simulators and parts thereof
8805.2900,Other
8806.1000,"Designed for the carriage of passengers - Other, for remote-controlled flight only"
8806.2100,With maximum take-off weight not more than 250 g
8806.2200,With maximum take-off weight more than 250 g but not more than 7 kg
8806.2300,With maximum take-off weight more than 7 kg but not more than 25 kg
8806.2400,With maximum take-off weight more than 25 kg but not more than 150 kg
8806.2900,Other - Other
8806.9100,With maximum take-off weight not more than 250 g
8806.9200,With maximum take-off weight more than 250 g but not more than 7 kg
8806.9300,With maximum take-off weight more than 7 kg but not more than 25 kg
8806.9400,With maximum take-off weight more than 25 kg but not more than 150 kg
8806.9900,Other
8807.1000,Propellers and rotors and parts thereof
8807.2000,Under-carriages and parts thereof
8807.3000,"Other parts of aeroplanes, helicopters or unmanned aircraft"
8807.9000,Other
8901.1000,"Cruise ships, excursion boats and similar vessels principally designed for the transport of persons; ferry-boats of all kinds"
8901.2000,Tankers
8901.3000,"Refrigerated vessels, other than those of subheading 8901.20"
8901.9000,Other vessels for the transport of goods and other vessels for the transport of both persons and goods
8902.0000,Fishing vessels; factory ships and other vessels for processing or preserving fishery products
8903.1100,"Fitted or designed to be fitted with a motor, unladen (net) weight (excluding the motor) not exceeding 100 kg"
8903.1200,Not designed for use with a motor and unladen (net) weight not exceeding 100 kg
8903.1900,"Other - Sailboats, other than inflatable, with or without auxiliary motor"
8903.2100,Of a length not exceeding 7.5 m
8903.2200,Of a length exceeding 7.5 m but not exceeding 24 m
8903.2300,"Of a length exceeding 24 m - Motorboats, other than inflatable, not including outboard motorboats"
8903.3100,Of a length not exceeding 7.5 m
8903.3200,Of a length exceeding 7.5 m but not exceeding 24 m
8903.3300,Of a length exceeding 24 m - Other
8903.9300,Of a length not exceeding 7.5 m
8903.9900,Other
8904.0000,Tugs and pusher craft
8905.1000,Dredgers
8905.2000,Floating or submersible drilling or production platforms
8905.9000,Other
8906.1000,Warships
8906.9000,Other
8907.1000,Inflatable rafts
8907.9000,Other
8908.0000,Vessels and other floating structures for breaking up
9001.1000,"Optical fibres, optical fibre bundles and cables"
9001.2000,Sheets and plates of polarising material
9001.3000,Contact lenses
9001.4000,Spectacle lenses of glass
9001.5000,Spectacle lenses of other materials
9001.9000,Other
9002.1100,"For cameras, projectors or photographic enlargers or reducers"
9002.1900,Other
9002.2000,Filters
9002.9000,Other
9003.1100,Of plastics
9003.1900,Of other materials
9003.9000,Parts
9004.1000,Sunglasses - Other
9004.9010,Night vision goggles
9004.9090,Other
9005.1000,Binoculars
9005.8000,Other instruments
9005.9000,Parts and accessories (including mountings)
9006.1000,Cameras of a kind used for preparing printing plates or cylinders
9006.3000,"Cameras specially designed for underwater use, for aerial survey or for medical or surgical examination of internal organs; comparison cameras for forensic or criminological purposes"
9006.4000,Instant print cameras - Other cameras
9006.5300,For roll film of a width of 35 mm
9006.5900,Other - Photographic flashlight apparatus and flashbulbs
9006.6100,"Discharge lamp (""electronic"") flashlight apparatus"
9006.6900,Other - Parts and accessories
9006.9100,For cameras
9006.9900,Other
9007.1000,Cameras
9007.2000,Projectors - Parts and accessories
9007.9100,For cameras
9007.9200,For projectors
9008.5000,"Projectors, enlargers and reducers"
9008.9000,Parts and accessories
9010.1000,Apparatus and equipment for automatically developing photographic (including cinematographic) film or paper in rolls or for automatically exposing developed film to rolls of photographic paper
9010.5000,Other apparatus and equipment for photographic (including cinematographic) laboratories; negatoscopes
9010.6000,Projection screens
9010.9000,Parts and accessories
9011.1000,Stereoscopic microscopes
9011.2000,"Other microscopes, for photomicrography, cinephotomicrography or microprojection"
9011.8000,Other microscopes
9011.9000,Parts and accessories
9012.1000,Microscopes other than optical microscopes; diffraction apparatus
9012.9000,Parts and accessories
9013.1000,"Telescopic sights for fitting to arms; periscopes; telescopes designed to form parts of machines, appliances, instruments or apparatus of this Chapter or Section XVI"
9013.2000,"Lasers, other than laser diodes"
9013.8000,"Other devices, appliances and instruments"
9013.9000,Parts and accessories
9014.1000,Direction finding compasses
9014.2000,Instruments and appliances for aeronautical or space navigation (other than compasses)
9014.8000,Other instruments and appliances
9014.9000,Parts and accessories
9015.1000,Rangefinders
9015.2000,Theodolites and tachymeters (tacheometers)
9015.3000,Levels
9015.4000,Photogrammetrical surveying instruments and appliances
9015.8000,Other instruments and appliances
9015.9000,Parts and accessories
9016.0010,Electronic
9016.0090,Other
9017.1010,"Plotters and other machines for designing textile garments, having CAD/CAM/CIM system"
9017.1090,Other
9017.2000,"Other drawing, marking-out or mathematical calculating instruments"
9017.3010,Micro Meter
9017.3020,Callipers and gauges - Other instruments
9017.8010,Measurig rod and tapes
9017.8090,Other
9017.9000,Parts and accessories
9018.1100,Electro-cardiographs
9018.1200,Ultrasonic scanning apparatus
9018.1300,Magnetic resonance imaging apparatus
9018.1400,Scintigraphic apparatus
9018.1900,Other
9018.2000,"Ultra-violet or infra-red ray apparatus - Syringes, needles, catheters, cannulae and the like: - - Syringes, with or without needles"
9018.3110,With needles
9018.3120,Without needles
9018.3200,Tubular metal needles and needles for sutures - - Other
9018.3910,Dextrose and saline infusion giving sets imported alongwith empty non-toxic bags for infusion solution
9018.3920,Dextrose and saline infusion giving sets - - - Catheter
9018.3931,Suction
9018.3932,Pulmonary artery
9018.3933,Foly's
9018.3939,Other
9018.3940,Cannula
9018.3950,Surgical needles
9018.3960,Endo tracheal tube
9018.3970,Balloons - - - Evacuated tubes for the collection and transport of blood
9018.3981,Of glass
9018.3982,Of PET
9018.3989,Other
9018.3990,"Other - Other instruments and appliances, used in dental sciences"
9018.4100,"Dental drill engines, whether or not combined on a single base with other dental equipment"
9018.4900,Other
9018.5000,Other ophthalmic instruments and appliances - Other instruments and appliances
9018.9010,Anesthesia aparatus
9018.9020,Stethoscopes
9018.9030,Surgical scissors
9018.9040,Surgical knives
9018.9050,Sphygmomano-meter
9018.9060,Infant incubators
9018.9070,Fibre dializers
9018.9090,Other
9019.1000,Mechano-therapy appliances; massage apparatus; psychological aptitude-testing apparatus
9019.2010,Oxygenator with accessories
9019.2020,Ozone therapy apparatus
9019.2030,Acrosol therapy apparatus
9019.2090,Other
9020.0010,Gas masks
9020.0020,Other breathing appliances
9021.1000,Orthopaedic or fracture appliances - Artificial teeth and dental fittings
9021.2100,Artificial teeth
9021.2900,Other - Other artificial parts of the body
9021.3100,Artificial joints
9021.3900,Other
9021.4000,"Hearing aids, excluding parts and accessories"
9021.5000,"Pacemakers for stimulating heart muscles, excluding parts and accessories"
9021.9000,Other
9022.1200,Computed tomography apparatus
9022.1300,"Other, for dental uses"
9022.1400,"Other, for medical, surgical or veterinary uses"
9022.1900,"For other uses - Apparatus based on the use of alpha, beta or gamma radiations, whether or not for medical, surgical, dental or veterinary uses, including radiography or radiotherapy"
9022.2100,"For medical, surgical, dental or veterinary uses"
9022.2900,For other uses
9022.3000,X-ray tubes
9022.9000,"Other, including parts and accessories"
9023.0000,"Instruments, apparatus and models, designed for demonstrational purposes (for example, in education or exhibitions), unsuitable for other uses"
9024.1000,Machines and appliances for testing metals
9024.8000,Other machines and appliances
9024.9000,Parts and accessories
9025.1110,"Thermometers, clinical"
9025.1190,Other
9025.1900,Other - Other instruments
9025.8010,Hydrometers
9025.8020,Psychrometers
9025.8030,Temperature guages and sensors for agricultural tractors of sub-headings 8701.9220 and 8701.9320
9025.8090,Other
9025.9000,Parts and accessories
9026.1010,Following parts for agricultural tractors of sub-headings
9026.1020,"Dipstick/ gauge oil level for engines of motor cars of heading 87.03 and vehicles of sub-headings 8703.2113,"
9026.1030,Other for motor cars and vehicles
9026.1090,Other
9026.2000,For measuring or checking pressure
9026.8000,Other instruments or apparatus
9026.9000,Parts and accessories
9027.1000,Gas or smoke analysis apparatus
9027.2000,Chromatographs and electrophoresis instruments
9027.3000,"Spectrometers, spectrophotometers and spectrographs using optical radiations (UV, visible, IR)"
9027.5000,"Other instruments and apparatus using optical radiations (UV, visible,IR)"
9027.8100,Mass spectrometers
9027.8900,Other
9027.9000,Microtomes; parts and accessories
9028.1000,Gas meters
9028.2000,Liquid meters
9028.3000,Electricity meters - Parts and accessories
9028.9010,"Shaft without rotating disc, register assembly and meter bearing assembly for electricity meter"
9028.9020,Other of electricity meters
9028.9090,Other
9029.1010,Taximeters and pedometers
9029.1020,Mileo meters
9029.1090,Other - Speed indicators and tachometers; stroboscopes: - - - Speed indicators and tachometers
9029.2011,"Mechanical type for motor cars of heading 8703 (not exceeding 800cc), vehicles of heading 87.11 and vehicles of sub - heading 8704.3190"
9029.2012,RPM meter for agricultural tractors of sub-headings
9029.2013,Speed indicator and techometers for other motor cars and vehicles
9029.2019,Other
9029.2020,Stroboscopes
9029.9000,Parts and accessories
9030.1000,Instruments and apparatus for measuring or detecting ionising radiations
9030.2000,"Oscilloscopes and oscillographs - Other instruments and apparatus, for measuring or checking voltage, current, resistance or power (other than those for measuring or checking semiconductor wafers or"
9030.3100,Multimeters without a recording device
9030.3200,"Multimeters with a recording device - - Other, without a recording device"
9030.3310,Battery meters for agricultural tractors of sub-headings
9030.3320,Other for motor cars and vehicles
9030.3330,Ampere-meter
9030.3390,Other
9030.3900,"Other, with a recording device"
9030.4000,"Other instruments and apparatus, specially designed for telecommunications (for example, cross-talk meters, gain measuring instruments, distortion factor meters, psophometers)"
9030.8200,For measuring or checking semiconductor wafers or devices (including integrated circuits)
9030.8400,"Other, with a recording device"
9030.8900,Other
9030.9000,Parts and accessories
9031.1000,Machines for balancing mechanical parts
9031.2000,Test benches - Other optical instruments and appliances
9031.4100,For inspecting semiconductor wafers or devices (including integrated circuits) or for inspecting photomasks or reticles used in manufacturing semiconductor devices (including integrated circuits)
9031.4900,Other
9031.8000,"Other instruments, appliances and machines"
9031.9000,Parts and accessories
9032.1010,"Of a kind used in refrigerators, deep-freezers and air-conditioners"
9032.1090,Other
9032.2000,Manostats - Other instruments and apparatus
9032.8100,Hydraulic or pneumatic - - Other
9032.8910,Temperature control switches for vehicles of sub - heading 8703.2115 and 8704.3150
9032.8920,Other for motor cars and vehicles
9032.8990,Other
9032.9000,Parts and accessories
9033.0010,Of hearings aids
9033.0020,Pacing wire
9033.0090,Other
9101.1100,With mechanical display only
9101.1900,"Other - Other wrist-watches, whether or not incorporating a stop-watch facility"
9101.2100,With automatic winding
9101.2900,Other - Other
9101.9100,Electrically operated
9101.9900,Other
9102.1100,With mechanical display only
9102.1200,With opto-electronic display only
9102.1900,"Other - Other wrist-watches, whether or not incorporating a stop-watch facility"
9102.2100,With automatic winding
9102.2900,Other - Other
9102.9100,Electrically operated
9102.9900,Other
9103.1000,Electrically operated
9103.9000,Other
9104.0010,For aircraft and spacecraft
9104.0020,"For vehicles of sub-heading 8703.2323, 8703.3223 and 8704.2190"
9104.0030,Other for motor cars and vehicles
9104.0090,Other
9105.1100,Electrically operated
9105.1900,Other - Wall clocks
9105.2100,Electrically operated
9105.2900,Other - Other
9105.9100,Electrically operated
9105.9900,Other
9106.1010,Hour meters / tractor meters for agricultural tractors of sub-headings 8701.9220 and 8701.9320
9106.1020,Other for motor cars and vehicles
9106.1090,Other
9106.9000,Other
9107.0000,Time switches with clock or watch movement or with synchronous motor
9108.1100,With mechanical display only or with a device to which a mechanical display can be incorporated
9108.1200,With opto-electronic display only
9108.1900,Other
9108.2000,With automatic winding
9108.9000,Other
9109.1000,Electrically operated
9109.9000,Other
9110.1100,"Complete movements, unassembled or partly assembled (movement sets)"
9110.1200,"Incomplete movements, assembled"
9110.1900,Rough movements
9110.9000,Other
9111.1000,Cases of precious metal or of metal clad with precious metal
9111.2000,"Cases of base metal, whether or not gold-or silver-plated"
9111.8000,Other cases
9111.9000,Parts
9112.2000,Cases
9112.9000,Parts
9113.1000,Of precious metal or of metal clad with precious metal
9113.2000,"Of base metal, whether or not gold-or silver-plated"
9113.9000,Other
9114.3000,Dials
9114.4000,Plates and bridges
9114.9000,Other
9201.1000,Upright pianos
9201.2000,Grand pianos
9201.9000,Other
9202.1000,Played with a bow
9202.9000,Other
9205.1000,Brass-wind instruments
9205.9000,Other
9206.0000,"Percussion musical instruments (for example, drums, xylophones, cymbals, castanets, maracas)"
9207.1000,"Keyboard instruments, other than accordions"
9207.9000,Other
9208.1000,Musical boxes
9208.9000,Other
9209.3000,Musical instruments strings - Other
9209.9100,Parts and accessories for pianos
9209.9200,Parts and accessories for the musical instruments of heading 92.02
9209.9400,Parts and accessories for the musical instruments of heading 92.07
9209.9900,Other
9301.1000,"Artillery weapons (for example, guns, howitzers and mortars)"
9301.2000,Rocket launchers; flame-throwers; grenade launchers; torpedo tubes and similar projectors
9301.9010,Fully automatic shotguns - - - Rifles
9301.9021,Bolt action
9301.9022,Semi-automatic
9301.9023,fully automatic
9301.9029,Other
9301.9030,Machine -guns - - - Sub-machine-guns
9301.9041,Fully automatic pistols
9301.9049,Other
9301.9090,Other
9302.0011,Revolvers
9302.0012,"Pistols, single barrel, semi-automatic or otherwise"
9302.0013,"Pistols, multiple barrel"
9302.0019,Other - - - Other
9302.0091,Revolvers
9302.0092,"Pistols, signle barrel , semi-automatic or otherwise"
9302.0093,"Pistols, multiple barrel"
9302.0099,Other
9303.1000,"Muzzle-loading firearms - Other sporting, hunting or target-shooting shotguns, including combination shotgun-rifles: - - - Shotguns, single barrel"
9303.2011,Pump-action
9303.2012,Semi-automatic
9303.2019,Other
9303.2020,"Shotguns, multiple barrel, including combination guns"
9303.2090,"Other - Other sporting, hunting or target-shooting rifles"
9303.3010,Single-shot
9303.3020,Semi-automatic
9303.3090,Other
9303.9000,Other
9304.0000,"Other arms (for example, spring, air or gas guns and pistols, truncheons), excluding those of heading 93.07"
9305.1010,Firing mechanisms
9305.1020,Frames and receivers; barrels; Pistons; locking lugs and gas buffers; Magazines and parts thereof; Silencers(sound moderators) and parts thereof; Butts; grips and plates
9305.1030,Slide (for pistols) and cylinders (for revolvers)
9305.1090,Other - Of shotguns or rifles of heading 93.03
9305.2010,Shotgun barrels
9305.2020,Firing mechanisms
9305.2030,"Frames and receivers, Rilfe barrels, Pistons, looking lugs and gas buffers, Magazines and parts thereof, Silencers(sound moderators) and parts thereof, Flash eliminators and parts thereof"
9305.2040,"Breeches, bolts (gunlocks) and bolt carriers"
9305.2090,Other - Other: - - Of military weapons of heading 93. 01
9305.9111,Firing mechanisms
9305.9112,"Frames and receivers, Barrels, Pistons, locking lugs and gas buffers, Magazines and parts thereof, Silencers(sound moderators) and parts thereof, Flash eliminators and parts thereof"
9305.9113,"Breeches, blts (gunlocks) and bolt carriers"
9305.9119,Other
9305.9190,Other
9305.9900,Other
9306.2100,Cartridges
9306.2900,Other - Other cartridges and parts thereof
9306.3010,Cartridges for riveting or similar tools or for captive-bolt humane killers and parts thereof
9306.3090,Other
9306.9000,Other
9307.0000,"Swords, cutlasses, bayonets, lances and similar arms and parts thereof and scabbards and sheaths therefor"
9401.1000,Seats of a kind used for aircraft - Seats of a kind used for motor vehicles
9401.2010,"For vehicles of heading 87.03 and vehicles of sub-headings 8704.2190, 8704.3130, 8704.3150 and 8704.3190"
9401.2020,"For vehicles of heading 87.02 sub-headings 8701.2020,"
9401.2090,Other - Swivel seats with variable height adjustment
9401.3100,Of wood
9401.3900,"Other - Seats other than garden seats or camping equipment, convertible into beds"
9401.4100,Of wood
9401.4900,"Other - Seats of cane, osier, bamboo or similar materials"
9401.5200,Of bamboo
9401.5300,Of rattan
9401.5900,"Other - Other seats, with wooden frames"
9401.6100,Upholstered
9401.6900,"Other - Other seats, with metal frames"
9401.7100,Upholstered
9401.7900,Other
9401.8000,Other seats - Parts
9401.9100,Of wood - - Other
9401.9910,"Seat parts made of foam, head/arm rests and seat frames for vehicles of heading 87.03 and vehicles of subheadings 8704.2190, 8704.3130, 8704.3150 and"
9401.9920,"Seat parts made of foam, head/ arm rests and seat frames for vehicles of heading 87.02 and sub-headings"
9401.9930,Other for motor cars and vehicles
9401.9990,Other
9402.1010,Dentists' chairs
9402.1090,Other - Other
9402.9010,Operating tables
9402.9020,Hospital beds with mechanical fittings
9402.9090,Other
9403.1000,Metal furniture of a kind used in offices
9403.2000,Other metal furniture
9403.3000,Wooden furniture of a kind used in offices
9403.4000,Wooden furniture of a kind used in the kitchen - Wooden furniture of a kind used in the bedroom
9403.5010,Wooden cabinets
9403.5020,Wooden beds
9403.5090,Other
9403.6000,Other wooden furniture
9403.7000,"Furniture of plastics - Furniture of other materials, including cane, osier, bamboo or similar materials"
9403.8200,Of bamboo
9403.8300,Of rattan
9403.8900,Other - Parts
9403.9100,Of wood
9403.9900,Other
9404.1000,Mattress supports - Mattresses
9404.2100,"Of cellular rubber or plastics, whether or not covered"
9404.2900,Of other materials
9404.3000,Sleeping bags
9404.4000,"Quilts, bedspreads, eiderdowns and duvets (comforters)"
9404.9000,Other
9405.1110,Chandeliers
9405.1190,Other - - Other
9405.1910,Chandeliers
9405.1990,"Other - Electric table, desk, bedside or floor-standing luminaires"
9405.2100,Designed for use solely with light-emitting diode (LED) light sources
9405.2900,Other - Lighting strings of a kind used for Christmas trees
9405.3100,Designed for use solely with light-emitting diode (LED) light sources
9405.3900,Other - Other electric luminaires and lighting fittings
9405.4100,"Photovoltaic, designed for use solely with light-emitting diode (LED) light sources"
9405.4200,"Other, designed for use solely with light-emitting diode (LED) light sources"
9405.4910,Lighting system of a kind used for film shootings
9405.4990,Other - Non-electrical luminaires and lighting fittings
9405.5010,Tubular day lighting device
9405.5090,"Other - Illuminated signs, illuminated name-plates and the like"
9405.6100,Designed for use solely with light-emitting diode (LED) light sources
9405.6900,Other - Parts: - - Of glass
9405.9110,Of chandelier
9405.9190,Other
9405.9200,Of plastics
9405.9900,Other
9406.1010,Green houses
9406.1020,"Dairy, live stock and poultry sheds"
9406.1030,Silos
9406.1040,For cold storage
9406.1090,Other
9406.2000,"Modular building units, of steel - Other"
9406.9010,Green houses
9406.9020,"Dairy, live stock and poultry sheds"
9406.9030,Silos
9406.9040,For cold storage
9406.9050,Modular clean room panels
9406.9090,Other
9503.0010,"Wheeled toys designed to be ridden by children (for example, tricycles, scooters, pedal cars); dolls' carriages"
9503.0020,"Garments and accessories therefor, footwear and headgear"
9503.0030,Aero models
9503.0040,"Parts, accessories, sub-assemblies, mechanical or electrical movements"
9503.0090,Other
9504.2000,Articles and accessories for billiards of all kinds
9504.3000,"Other games, operated by coins, banknotes, bank cards, tokens or by other means of payment, other than automatic bowling alley equipment"
9504.4000,Playing cards
9504.5000,"Video game consoles and machines, other than those of subheading 9504.30"
9504.9010,Dice cups
9504.9090,Other
9505.1000,Articles for Christmas festivities
9505.9000,Other
9506.1100,Skis
9506.1200,Ski-fastenings (ski-bindings)
9506.1900,"Other - Water-skis, surf-boards, sailboards and other water-sport equipment"
9506.2100,Sailboards
9506.2900,Other - Golf clubs and other golf equipment
9506.3100,"Clubs, complete"
9506.3200,Balls
9506.3900,Other
9506.4000,"Articles and equipment for table-tennis - Tennis, badminton or similar rackets, whether or not strung"
9506.5100,"Lawn-tennis rackets, whether or not strung - - Other"
9506.5910,Badminton rackets
9506.5920,Squash rackets
9506.5990,"Other - Balls, other than golf balls and table-tennis balls"
9506.6100,Lawn-tennis balls - - Inflatable
9506.6210,"Footballs, soccer balls"
9506.6220,"Footballs, Other than leather"
9506.6290,Other - - Other
9506.6910,Cricket balls
9506.6920,Hockey balls
9506.6930,Polo balls
9506.6940,Squash balls
9506.6960,Table tennis balls
9506.6970,Punching balls
9506.6980,Badminton shuttle cocks - - - Other
9506.6991,Volley balls
9506.6992,Basket balls
9506.6993,Net balls
9506.6994,Hand balls
9506.6995,Rugby balls
9506.6999,Other
9506.7000,"Ice skates and roller skates, including skating boots with skates attached"
9506.9100,"Articles and equipment for general physical exercise, gymnastics or athletics"
9506.9911,Football cover
9506.9912,Football bladder
9506.9913,Volley ball cover
9506.9914,Basket ball cover
9506.9915,Net ball cover
9506.9916,Hand ball cover
9506.9917,Rugby ball cover
9506.9919,Other
9506.9920,Cricket bats
9506.9930,Cricket wickets
9506.9940,Cricket pads
9506.9950,Cricket sets
9506.9960,Hockey sticks
9506.9970,Polo sticks
9506.9990,Other
9507.1000,Fishing rods
9507.2000,"Fish-hooks, whether or not snelled"
9507.3000,Fishing reels
9507.9000,Other
9508.1000,Travelling circuses and travelling menageries - Amusement park rides and water park amusements
9508.2100,Roller coasters
9508.2200,"Carousels, swings and roundabouts"
9508.2300,Dodge’em cars
9508.2400,Motion simulators and moving theatres
9508.2500,Water rides
9508.2600,Water park amusements
9508.2900,Other
9508.3000,Fairground amusements
9508.4000,Travelling theatres
9601.1000,Worked ivory and articles of ivory - Other
9601.9010,Worked tortoise-shell
9601.9090,Other
9602.0010,Gelatine capsules
9602.0090,Other
9603.1000,"Brooms and brushes, consisting of twigs or other vegetable materials bound together, with or without handles"
9603.2100,"Tooth brushes, including dental-plate brushes"
9603.2900,Other
9603.3000,"Artists' brushes, writing brushes and similar brushes for the application of cosmetics"
9603.4000,"Paint, distemper, varnish or similar brushes (other than brushes of sub-heading 9603.30); paint pads and rollers"
9603.5000,"Other brushes constituting parts of machines, appliances or vehicles"
9603.9000,Other
9604.0000,Hand sieves and hand riddles
9605.0000,"Travel sets for personal toilet, sewing or shoe or clothes cleaning"
9606.1000,"Press-fasteners, snap-fasteners and press-studs and parts therefor"
9606.2100,"Of plastics, not covered with textile material"
9606.2200,"Of base metal, not covered with textile material - - Other"
9606.2910,Studs
9606.2920,Buttons
9606.2990,Other - Button moulds and other parts of buttons; button blanks
9606.3010,Button moulds and other parts of buttons
9606.3020,Button blanks
9607.1100,Fitted with chain scoops of base metal
9607.1900,Other
9607.2000,Parts
9608.1000,Ball point pens
9608.2000,Felt tipped and other porous-tipped pens and markers
9608.3000,"Fountain pens, stylograph pens and other pens"
9608.4000,Propelling or sliding pencils
9608.5000,Sets of articles from two or more of the foregoing subheadings
9608.6000,"Refills for ball point pens, comprising the ball point and ink-reservoir"
9608.9100,Pen nibs and nib points - - Other
9608.9910,Pen caps and clips
9608.9920,Ball point tips
9608.9990,Other
9609.1000,"Pencils and crayons, with leads encased in a sheath - Pencil leads, black or coloured"
9609.2010,"Pencil leads, black"
9609.2020,"Pencil kits, coloured"
9609.9000,Other
9610.0000,"Slates and boards, with writing or drawing surfaces, whether or not framed"
9611.0000,"Date, sealing or numbering stamps,and the like (including devices for printing or embossing labels), designed for operating in the hand; hand-operated composing sticks, and hand printing sets incorporating"
9612.1010,For dot matrix printer
9612.1090,Other
9612.2000,Ink-pads
9613.1000,"Pocket lighters, gas fuelled, non-refillable"
9613.2000,"Pocket lighters, gas fuelled, refillable - Other lighters"
9613.8010,Lighters used with motor cars of heading 8703
9613.8020,Lighter for other motor cars and vehicles
9613.8090,Other
9613.9000,Parts
9614.0000,"Smoking pipes (including pipe bowls) and cigar or cigarette holders, and parts thereof"
9615.1100,Of hard rubber or plastics
9615.1900,Other - Other
9615.9010,Hair pins
9615.9020,Hair curlers and the like
9615.9090,Other
9616.1000,"Scent sprays and similar toilet sprays, and mounts and heads therefor"
9616.2000,Powder-puffs and pads for the application of cosmetics or toilet preparations
9617.0010,Vacuum flasks
9617.0020,Other
9618.0000,Tailors' dummies and other lay figures; automata and other animated displays used for shop window dressing
9619.0010,Napkins (diapers) for adults (patients) of weight exceeding 25 kg
9619.0020,Napkins (diapers) for Infants and babies
9619.0030,Sanitary towels (pads) and tampons
9619.0040,Napkins liners for babies
9619.0090,Other
9620.0000,"Monopods, bipods, tripods and similar articles"
9701.2100,"Paintings, drawings and pastels"
9701.2200,Mosaics
9701.2900,Other - Other
9701.9100,"Paintings, drawings and pastels"
9701.9200,Mosaics
9701.9900,Other
9702.1000,Of an age exceeding 100 years
9702.9000,Other
9703.1000,Of an age exceeding 100 years
9703.9000,Other
9704.0000,"Postage or revenue stamps, stamp-postmarks, first-day covers, postal stationery (stamped paper), and the like, used or unused, other than those of heading 49. 07"
9705.1000,"Collections and collectors' pieces of archaeological, ethnographic or historical interest"
9705.2100,Human specimens and parts thereof
9705.2200,Extinct or endangered species and parts thereof
9705.2900,Other - Collections and collectors' pieces of numismatic interest
9705.3100,Of an age exceeding 100 years
9705.3900,Other
9706.1000,Of an age exceeding 250 years
9706.9000,Other
